siacop_id_titulo,grado_academico_id,fecha_diploma,fecha_tpn,persona_id,codUniversidad,num_titulo,procedencia,grado,descripcion,observaciones_titulo,valor,responsabletit,fechatit,estado,ubicacion,archivo_digital
91,1,1983-02-04,1987-11-09,46,1,002564-352,U.MAYOR DE SAN ANDRES,Dr.,Médico Cirujano,,20,RAUL CONDORI MAMANI,2014-10-25 15:42:46,A,archivo central,
92,5,2004-07-12,,46,1,1808,,Dr.,Educación Superior,,20,RAUL CONDORI MAMANI,2014-10-25 15:42:46,A,archivo central,
7515,6,1987-11-09,,46,1,3581,,Dr.,Médico Cirujano,,20,RAUL CONDORI MAMANI,2015-02-20 14:31:18,A,archivo central,
147,1,1989-04-05,1991-02-20,74,12,60,U.MAYOR DE SAN ANDRES,Dr.,Médico Cirujano ,,20,YOLANDA TANCARA MAMANI,2014-10-25 15:42:46,A,archivo central,
148,5,2000-12-08,,74,1,S/N,,Dr.,Educación Superior ,,20,YOLANDA TANCARA MAMANI,2014-10-25 15:42:46,A,archivo central,
5517,6,1991-02-20,,74,12,183,U. publica de el alto,Dr.,Médico Cirujano ,,20,YOLANDA TANCARA MAMANI,2014-10-25 15:42:46,A,archivo central,
229,1,2008-05-30,2008-07-17,115,1,18125,U.MAYOR DE SAN ANDRES,Dr.,Médico Cirujano,,20,RAUL CONDORI MAMANI,2014-10-25 15:42:46,A,archivo central,
230,5,2010-07-23,,115,2,156,U.PUBLICA DE EL ALTO,Dr.,Educación Superior,,20,RAUL CONDORI MAMANI,2014-10-25 15:42:46,A,archivo central,
6113,6,2008-07-17,,115,1,16231,U. publica de el alto,Dr.,Médico Cirujano,,20,RAUL CONDORI MAMANI,2014-10-25 15:42:46,A,archivo central,
337,1,1991-09-20,1992-12-07,169,1,010062-109,U.MAYOR DE SAN ANDRES,Lic. Med. Cir.,Médico Cirujano ,Documento en Legalizado verificado 15/01/2020,20,LUCIO MAMANI POMA,2020-01-15 10:27:01,A,archivo central,
338,5,2001-11-26,,169,1,327,,Lic. Med. Cir.,Organización y Administración Pedagógica del Aula en Educación Superior ,Documento en Legalizado verificado 15/01/2020,20,LUCIO MAMANI POMA,2020-01-15 10:28:43,A,archivo central,
5414,6,1992-12-07,,169,1,7921,U. publica de el alto,Lic. Med. Cir.,Médico Cirujano ,Documento en Legalizado verificado 15/01/2020,20,LUCIO MAMANI POMA,2020-01-15 10:27:32,A,archivo central,
353,1,1987-12-17,1989-04-04,177,1,006706-1012,,Dr.,Médico Cirujano,,20,YOLANDA TANCARA MAMANI,2014-10-25 15:42:46,A,archivo central,
354,6,1989-04-04,,177,1,4689,,Dr.,Médico Cirujano ,,20,RAUL CONDORI MAMANI,2014-10-25 15:42:46,A,archivo central,
5496,5,2002-11-30,,177,1,S/N,U. publica de el alto,Dr.,Educacion Superior,,20,YOLANDA TANCARA MAMANI,2014-10-25 15:42:46,A,archivo central,
373,1,1987-12-17,1994-05-09,187,1,006845-3512,,Dr.,Médico Cirujano,,20,ADOLFO MANZANEDA FLORES,2014-10-25 15:42:46,A,archivo central,
374,5,2003-07-30,,187,1,S/N,,Dr.,Educación Superior,,20,LUCIO MAMANI POMA,2019-08-13 09:51:42,A,archivo central,
7484,6,1994-05-09,,187,1,000369-C,,Dr.,Médico Cirujano,,20,ADOLFO MANZANEDA FLORES,2015-02-19 16:17:40,A,archivo central,
457,1,1998-12-15,1999-12-17,229,1,7093,,Dr.,Médico Cirujano ,,20,YOLANDA TANCARA MAMANI,2014-10-25 15:42:46,A,archivo central,
458,5,2004-07-12,,229,1,1794,,Dr.,Educación Superior ,CEPIES,20,YOLANDA TANCARA MAMANI,2014-10-25 15:42:46,A,archivo central,
6023,6,1999-12-17,,229,1,007982-C,U. publica de el alto,Dr.,Médico Cirujano ,,20,YOLANDA TANCARA MAMANI,2014-10-25 15:42:46,A,archivo central,
463,1,1998-12-15,1999-02-05,232,1,"007322 Serie ""C""",,Dr.,Medico Cirujano,,20,RAUL CONDORI MAMANI,2014-10-25 15:42:46,A,archivo central,
464,6,1999-02-05,,232,1,006089-C,,Dr.,Medico Cirujano,,20,RAUL CONDORI MAMANI,2014-10-25 15:42:46,A,archivo central,
6567,5,2003-06-30,,232,1,15-B,,Dr.,Educación Superior,,20,RAUL CONDORI MAMANI,2014-11-13 18:25:37,A,archivo central,
535,1,1987-12-17,1989-12-08,268,1,006824-1619,,Dr.,Médico Cirujano,,20,RAUL CONDORI MAMANI,2014-10-25 15:42:46,A,archivo central,
536,5,2003-11-17,,268,1,1531,,Dr.,Educación Superior,,20,RAUL CONDORI MAMANI,2014-10-25 15:42:46,A,archivo central,
7506,6,1989-12-08,,268,1,5250,,Dr.,Médico Cirujano,,20,RAUL CONDORI MAMANI,2015-02-20 11:23:58,A,archivo central,
617,1,1992-11-30,1994-02-24,309,1,010959-2011,U.MAYOR DE SAN ANDRES,Dr.,Médico Cirujano,,20,RAUL CONDORI MAMANI,2014-10-25 15:42:46,A,archivo central,
618,5,2005-08-02,,309,1,5028,,Dr.,Educación Superior,,20,RAUL CONDORI MAMANI,2014-10-25 15:42:46,A,archivo central,
6145,6,1994-02-24,,309,1,000185-C,U. publica de el alto,Dr.,Médico Cirujano,,20,RAUL CONDORI MAMANI,2014-10-25 15:42:46,A,archivo central,
655,1,1993-12-10,1994-08-25,328,1,579,U.MAYOR DE SAN ANDRES,Lic.,Licenciado en Bioquímica y Farmacia ,,20,YOLANDA TANCARA MAMANI,2014-10-25 15:42:46,A,archivo central,
656,5,2002-11-30,,328,1,0S/N,,Lic.,Educación Superior ,,20,YOLANDA TANCARA MAMANI,2014-10-25 15:42:46,A,archivo central,
5639,6,1994-08-25,,328,1,000741-C,U. publica de el alto,Lic.,Bioquímica Farmacéutica ,,20,YOLANDA TANCARA MAMANI,2014-10-25 15:42:46,A,archivo central,
701,1,1993-12-10,1995-06-21,351,1,572,,Dr.,Médico Cirujano ,,20,YOLANDA TANCARA MAMANI,2014-10-25 15:42:46,A,archivo central,
702,6,1995-06-21,,351,1,001696-C,,Dr.,Médico Cirujano ,,20,YOLANDA TANCARA MAMANI,2014-10-25 15:42:46,A,archivo central,
7532,2,2000-03-24,,351,1,223,,Dr.,En Didáctica y Educación Superior,,20,YOLANDA TANCARA MAMANI,2015-02-20 16:34:09,A,archivo central,
717,1,1990-07-25,1993-06-29,359,1,009054-367,U.MAYOR DE SAN ANDRES,Dr.,Médico Cirujano ,,20,YOLANDA TANCARA MAMANI,2014-10-25 15:42:46,A,archivo central,
718,5,2004-12-31,,359,1,S/N,,Dr.,Educación Superior ,,20,YOLANDA TANCARA MAMANI,2014-10-25 15:42:46,A,archivo central,
6427,6,1993-06-29,,359,1,8465,U. publica de el alto,Dr.,Médico Cirujano ,,20,YOLANDA TANCARA MAMANI,2014-10-25 15:42:46,A,archivo central,
735,1,1993-12-10,1995-06-28,368,1,530,U.MAYOR DE SAN ANDRES,Dr.,Médico Cirujano ,,20,YOLANDA TANCARA MAMANI,2014-10-25 15:42:46,A,archivo central,
736,5,2005-09-30,,368,1,S/N,,Dr.,Educación Superior ,,20,RAUL CONDORI MAMANI,2014-10-25 15:42:46,A,archivo central,
5889,6,1995-06-28,,368,1,001707-C,U. publica de el alto,Dr.,Médico Cirujano ,,20,YOLANDA TANCARA MAMANI,2014-10-25 15:42:46,A,archivo central,
743,1,2002-02-19,2002-10-29,372,1,5231,UNIVERSIDAD MAYOR DE SAN ANDRES,Dr.,Médico Cirujano ,,20,YOLANDA TANCARA MAMANI,2014-10-25 15:42:46,A,archivo central,
744,5,2006-06-13,,372,1,9138,,Dr.,Educación Superior ,,20,YOLANDA TANCARA MAMANI,2014-10-25 15:42:46,A,archivo central,
5217,6,2002-10-29,,372,1,1094,U. publica de el alto,Dr.,Médico Cirujano ,,20,YOLANDA TANCARA MAMANI,2014-10-25 15:42:46,A,archivo central,
943,1,1988-06-17,2001-01-29,472,1,007203-266,U.MAYOR DE SAN ANDRES,Dr.,Medico Cirujano,,20,RAUL CONDORI MAMANI,2014-10-25 15:42:46,A,archivo central,
944,5,2007-06-29,,472,1,9771,,Dr.,Educación Superior ,,20,YOLANDA TANCARA MAMANI,2014-10-25 15:42:46,A,archivo central,
6744,6,1988-07-14,,472,1,4088,,Dr.,Medico Cirujano,,20,RAUL CONDORI MAMANI,2014-12-09 17:43:31,A,archivo central,
949,1,2003-03-25,2003-09-02,475,1,1765,,Dr.,Médico Cirujano,,20,RAUL CONDORI MAMANI,2014-10-25 15:42:46,A,archivo central,
950,5,2003-12-16,,475,1,1664,,Dr.,Educación Superior,CEPIES-UMSA,20,RAUL CONDORI MAMANI,2014-10-25 15:42:46,A,archivo central,
6225,6,2003-09-02,,475,1,3068,U. publica de el alto,Dr.,Médico Cirujano,,20,RAUL CONDORI MAMANI,2014-10-25 15:42:46,A,archivo central,
969,1,1994-12-15,1996-03-04,485,1,1600,,Dr.,Médico Cirujano,,20,RAUL CONDORI MAMANI,2014-10-25 15:42:46,A,archivo central,
970,5,2003-11-17,,485,1,1562,,Dr.,Educación Superior,,20,RAUL CONDORI MAMANI,2014-10-25 15:42:46,A,archivo central,
5399,6,1996-03-04,,485,1,002496 - C,U. publica de el alto,Dr.,Médico Cirujano,,20,RAUL CONDORI MAMANI,2014-10-25 15:42:46,A,archivo central,
975,1,1996-12-17,1998-07-30,488,1,3916,U.M.S.A.,Lic. Med. Cir.,Médico Cirujano,Verificado Documento en Legalizado 10/11/2021,20,LUCIO MAMANI POMA,2021-11-10 11:36:28,A,archivo central,
976,5,2001-11-26,,488,1,325,,Lic. Med. Cir.,Organización y Administración Pedagógica del Aula en Educación Superior,Verificado Documento en Legalizado 10/11/2021,20,LUCIO MAMANI POMA,2021-11-10 11:37:32,A,archivo central,
5834,6,1998-07-30,,488,1,5426-C,U. publica de el alto,Lic. Med. Cir.,Médico Cirujano,Verificado Documento en Legalizado 10/11/2021,20,LUCIO MAMANI POMA,2021-11-10 11:36:52,A,archivo central,
1039,1,2002-02-19,1900-01-00,520,1,5283,,Lic. Med. Cir.,Médico Cirujano,,20,RAUL CONDORI MAMANI,2018-07-18 12:12:54,A,archivo central,
1040,5,2005-06-28,,520,1,5000,,Lic. Med. Cir.,Educación Superior,,20,RAUL CONDORI MAMANI,2018-07-18 12:13:20,A,archivo central,
6564,6,2002-06-14,,520,1,155,,Lic. Med. Cir.,Médico Cirujano,,20,RAUL CONDORI MAMANI,2018-07-18 12:13:06,A,archivo central,
1147,1,1996-12-17,1999-02-05,574,1,3907,U.M.S.A.,Lic.,Licenciado en  Medicina y Cirugía,,20,RAUL CONDORI MAMANI,2014-10-25 15:42:46,A,archivo central,
1148,6,1999-02-05,,574,1,006088-D,,Lic.,Médico Cirujano,,20,RAUL CONDORI MAMANI,2014-10-25 15:42:46,A,archivo central,
5152,5,2008-09-30,,574,1,1385,U. publica de el alto,Lic.,Educación Superior ,,20,RAUL CONDORI MAMANI,2014-10-25 15:42:46,A,archivo central,
7432,3,2007-03-26,,574,1,25,,M. Sc.,Magister Scientiarum. Maestro en Ciencias en Salud Publica,,20,RAUL CONDORI MAMANI,2015-02-12 16:00:25,A,archivo central,
1179,1,1999-12-16,2000-06-15,590,1,9217,U.MAYOR DE SAN ANDRES,Dr.,Médico Cirujano,,20,ADOLFO MANZANEDA FLORES,2014-10-25 15:42:46,A,archivo central,
1180,5,2004-07-12,,590,1,1766,,Dr.,Educación Superior,,20,RAUL CONDORI MAMANI,2014-10-25 15:42:46,A,archivo central,
7455,6,2000-06-15,,590,1,00411-D,,Dr.,Médico Cirujano,,20,ADOLFO MANZANEDA FLORES,2015-02-19 12:22:03,A,archivo central,
1257,1,2003-03-25,2003-05-14,629,1,1771,U.MAYOR DE SAN ANDRES,Dr.,Médico Cirujano ,,20,YOLANDA TANCARA MAMANI,2014-10-25 15:42:46,A,archivo central,
1258,5,2009-09-25,,629,1,11159,,Dr.,Educación Superior ,,20,YOLANDA TANCARA MAMANI,2014-10-25 15:42:46,A,archivo central,
6433,6,2003-05-14,,629,1,2203,U. publica de el alto,Dr.,Médico Cirujano ,,20,YOLANDA TANCARA MAMANI,2014-10-25 15:42:46,A,archivo central,
1259,1,2003-02-14,2003-11-28,630,12,80,,Lic. Med. Cir.,Médico Cirujano ,,20,LUCIO MAMANI POMA,2021-04-26 10:27:09,A,archivo central,
1260,5,2006-10-01,,630,1,341,,Lic. Med. Cir.,Educación Superior ,,20,LUCIO MAMANI POMA,2021-04-26 10:27:34,A,archivo central,
5928,6,2003-11-28,,630,12,1786,U. publica de el alto,Lic. Med. Cir.,Médico Cirujano,,20,LUCIO MAMANI POMA,2021-04-26 10:27:41,A,archivo central,
1353,1,1998-12-15,1999-12-17,677,1,7001,,Lic. Med. Cir.,Médico Cirujano,Verificado Documento en Legalizado 16/10/2020,20,LUCIO MAMANI POMA,2020-10-16 14:03:56,A,archivo central,
1354,5,2007-06-29,,677,1,9834,,Lic. Med. Cir.,Organización y Administración Pedagógica del Aula en Educación Superior,Verificado Documento en Legalizado 16/10/2020,20,LUCIO MAMANI POMA,2020-10-16 14:03:44,A,archivo central,
5912,6,1999-12-17,,677,1,7864-C,U. publica de el alto,Lic. Med. Cir.,Médico Cirujano,Verificado Documento en Legalizado 16/10/2020,20,LUCIO MAMANI POMA,2020-10-16 14:04:08,A,archivo central,
1361,1,2004-03-23,2004-08-25,681,1,4998,U.MAYOR DE SAN ANDRES,Dr.,Médico Cirujano ,,20,YOLANDA TANCARA MAMANI,2014-10-25 15:42:46,A,archivo central,
1362,5,2007-09-30,,681,1,S/N,,Dr.,Educación Superior,,20,YOLANDA TANCARA MAMANI,2014-10-25 15:42:46,A,archivo central,
6776,6,2004-08-25,,681,1,5341,,Dr.,Médico Cirujano ,,20,YOLANDA TANCARA MAMANI,2014-12-12 09:54:48,A,archivo central,
1457,1,2006-04-27,2006-06-23,729,1,11005,U.M.S.A.,Lic. Med. Cir.,Médico Cirujano,,20,YOLANDA TANCARA MAMANI,2014-10-25 15:42:46,A,archivo central,
1458,6,2006-06-23,,729,1,9953,,Lic. Med. Cir.,Médico Cirujano,,20,YOLANDA TANCARA MAMANI,2014-10-25 15:42:46,A,archivo central,
5186,5,2007-03-31,,729,1,67,U. publica de el alto,Lic. Med. Cir.,EDUCACIÓN SUPERIOR,,20,RAUL CONDORI MAMANI,2014-10-25 15:42:46,A,archivo central,
1471,1,2003-03-24,2003-08-18,736,1,1734,U.MAYOR DE SAN ANDRES,Dr.,Médico Cirujano ,,20,YOLANDA TANCARA MAMANI,2014-10-25 15:42:46,A,archivo central,
1472,5,2003-12-31,,736,1,S/N,,Dr.,Educación Suprior ,,20,YOLANDA TANCARA MAMANI,2014-10-25 15:42:46,A,archivo central,
5792,6,2003-08-18,,736,1,2913,U. publica de el alto,Dr.,Médico Cirujano ,,20,YOLANDA TANCARA MAMANI,2014-10-25 15:42:46,A,archivo central,
1599,1,2006-03-30,1900-01-00,800,1,10548,,Dr.,Médico Cirujano,,20,RAUL CONDORI MAMANI,2014-10-25 15:42:46,A,archivo central,
1600,2,2008-09-25,,800,5,00112/08,,Dr.,Especialista en Educación Superior,,20,RAUL CONDORI MAMANI,2014-10-25 15:42:46,A,archivo central,
6055,6,2006-06-23,,800,1,9952,U. publica de el alto,Dr.,Médico Cirujano,,20,RAUL CONDORI MAMANI,2014-10-25 15:42:46,A,archivo central,
13175,3,2008-09-25,,800,5,00144/08,,M. Sc.,Magíster en Salud Familiar y Comunitaria,,20,RAUL CONDORI MAMANI,2018-10-09 10:40:55,A,archivo central,
1615,1,1993-12-10,1995-05-26,808,1,497,UNIVERSIDAD MAYOR DE SAN ANDRES,Dr.,Médico Cirujano ,,20,YOLANDA TANCARA MAMANI,2014-10-25 15:42:46,A,archivo central,
1616,5,2004-12-31,2005-05-26,808,1,S/N,UNIVERSIDAD MAYOR DE SAN ANDRES,Dr.,Educación Superior ,,20,RAUL CONDORI MAMANI,2014-10-25 15:42:46,A,archivo central,
5133,6,1995-05-26,,808,1,001627-C,U. publica de el alto,Dr.,Médico Cirujano ,,20,YOLANDA TANCARA MAMANI,2014-10-25 15:42:46,A,archivo central,
1965,1,1995-12-18,1997-05-07,1251,1,2790,,Dr.,Médico Cirujano,,20,RAUL CONDORI MAMANI,2011-05-11 15:49:58,A,archivo central,
1968,2,2000-10-25,,1251,5,323,,Dr.,En Medicina Tropical y Control de Enfermedades,,20,RAUL CONDORI MAMANI,2011-05-11 16:00:03,A,archivo central,
6458,6,1997-05-07,,1251,1,003790-C,U. publica de el alto,Dr.,Médico Cirujano,,20,RAUL CONDORI MAMANI,2014-10-25 15:42:46,A,archivo central,
2002,1,1995-06-20,2002-04-05,1267,1,914,,Dr.,Doctor en Medicina ,UNIVERSIDAD ESTATAL DE MEDICINA DE DONETSK-REPÚBLICA DE UCRANIA,20,YOLANDA TANCARA MAMANI,2011-05-13 12:00:42,A,archivo central,
2003,5,2007-12-19,,1267,1,10145,,Dr.,Educación Superior ,,20,YOLANDA TANCARA MAMANI,2011-05-13 12:02:27,A,archivo central,
5179,6,2002-04-05,,1267,1,04826-D,U. publica de el alto,Dr.,Médico Cirujano (Por Revalidación) ,Universidad Estatal ,20,YOLANDA TANCARA MAMANI,2014-10-25 15:42:46,A,archivo central,
1993,1,2003-03-24,2003-07-28,1268,1,1662,,Dr.,Médico cirujano ,,20,YOLANDA TANCARA MAMANI,2011-05-13 11:18:05,A,archivo central,
1994,5,2005-07-31,2003-07-28,1268,1,2,,Dr.,Educación Superior ,,20,YOLANDA TANCARA MAMANI,2011-05-13 11:21:35,A,archivo central,
5159,6,2003-07-28,,1268,1,2819,U. publica de el alto,Dr.,Médico Cirujano ,,20,YOLANDA TANCARA MAMANI,2014-10-25 15:42:46,A,archivo central,
1996,1,2004-03-23,2004-06-30,1271,1,4980,,Lic. Med. Cir.,Médico Cirujano,,20,YOLANDA TANCARA MAMANI,2011-05-13 11:35:52,A,archivo central,
1997,6,2004-06-30,2004-06-30,1271,1,4958,,Lic. Med. Cir.,Médico Cirujano ,,20,YOLANDA TANCARA MAMANI,2011-05-13 11:37:09,A,archivo central,
5586,5,2007-09-30,,1271,1,S/N,U. publica de el alto,Lic. Med. Cir.,Educación Superior ,,20,YOLANDA TANCARA MAMANI,2014-10-25 15:42:46,A,archivo central,
2005,1,1993-02-02,1994-02-18,1275,5,61,,Lic. Med. Cir.,MEDICO CIRUJANO,,20,RAUL CONDORI MAMANI,2018-05-23 10:02:06,A,archivo central,
2006,6,1994-02-18,,1275,5,S/N - Fjs.88,,Lic. Med. Cir.,MEDICO CIRUJANO,,20,RAUL CONDORI MAMANI,2011-05-13 12:11:09,A,archivo central,
6070,5,2006-12-01,,1275,1,508,U. publica de el alto,Lic. Med. Cir.,Educación Superior,,20,RAUL CONDORI MAMANI,2014-10-25 15:42:46,A,archivo central,
2007,1,2000-12-14,2001-02-28,1276,1,2669,,Lic. Med. Cir.,Médico Cirujano ,Verificado en Legalizado 17/01/2020,20,LUCIO MAMANI POMA,2020-01-17 14:39:25,A,archivo central,
2385,5,2010-09-30,,1276,1,2170,,Lic. Med. Cir.,Educación Superior ,Verificado en Legalizado 17/01/2020,20,LUCIO MAMANI POMA,2020-01-17 14:40:34,A,archivo central,
6231,6,2001-02-28,,1276,1,2192-D,U. publica de el alto,Lic. Med. Cir.,Médico Cirujano ,Verificado en Legalizado 17/01/2020,20,LUCIO MAMANI POMA,2020-01-17 14:40:04,A,archivo central,
2424,1,1999-12-16,2000-05-09,1280,1,9303,,Lic. Med. Cir.,Médico Cirujano,,20,LUCIO MAMANI POMA,2019-11-28 16:07:12,A,archivo central,
6445,6,2000-05-09,,1280,1,00211-D,U. publica de el alto,Lic. Med. Cir.,Médico Cirujano,,20,LUCIO MAMANI POMA,2019-11-28 16:07:19,A,archivo central,
9628,5,2012-10-30,,1280,1,968-A,,Lic. Med. Cir.,Educación Superior,,20,RAUL CONDORI MAMANI,2015-12-08 16:35:13,A,archivo central,
2012,1,1990-07-25,1991-11-01,1282,1,009056-387,U.MAYOR DE SAN ANDRES,Dr.,Médico Cirujano ,,20,RAUL CONDORI MAMANI,2011-05-13 12:35:59,A,archivo central,
2013,5,2001-09-17,,1282,1,S/N,,Dr.,Educación Superior,,20,RAUL CONDORI MAMANI,2011-05-13 12:36:48,A,archivo central,
6986,6,1991-11-10,,1282,1,6838,,Dr.,Médico Cirujano ,,20,RAUL CONDORI MAMANI,2015-01-21 16:15:40,A,archivo central,
7422,3,2010-08-30,,1282,1,380,,M. Sc.,Magister Scientiaum Maestro en Ciencias en Salud Publica,,20,RAUL CONDORI MAMANI,2015-02-11 16:25:18,A,archivo central,
2016,1,2000-01-26,2001-11-29,1284,5,88,,Lic. Med. Cir.,MEDICO CIRUJANO,,20,RAUL CONDORI MAMANI,2011-05-13 12:46:32,A,archivo central,
9312,6,2000-11-21,,1284,5,2093,,Lic. Med. Cir.,MEDICO CIRUJANO,,20,RAUL CONDORI MAMANI,2015-09-03 11:14:06,A,archivo central,
9313,5,2011-10-07,,1284,1,S/N,,Dr.,Educación Superior e Interculturalidad,,20,RAUL CONDORI MAMANI,2018-07-23 12:17:48,A,archivo central,
2020,1,1991-09-20,1994-01-27,1290,1,010044-309,,Dr.,Médico Cirujano ,,20,YOLANDA TANCARA MAMANI,2011-05-13 16:22:23,A,archivo central,
2021,5,2004-07-12,,1290,1,1863,,Dr.,Educación Superior ,,20,YOLANDA TANCARA MAMANI,2011-05-13 16:23:29,A,archivo central,
5789,6,1994-01-27,,1290,1,000116-C,U. publica de el alto,Dr.,Médico Cirujano ,,20,YOLANDA TANCARA MAMANI,2014-10-25 15:42:46,A,archivo central,
2022,1,1997-12-18,0199-03-10,1291,1,5504,,Lic. Med. Cir.,Licenciado en Medicina y Cirujano,,20,RAUL CONDORI MAMANI,2011-05-13 16:42:27,A,archivo central,
2023,5,2010-07-23,,1291,2,132,,Lic. Med. Cir.,Educación Superior,,20,RAUL CONDORI MAMANI,2011-05-13 16:43:47,A,archivo central,
5722,6,1999-03-10,,1291,1,006220-C,U. publica de el alto,Lic. Med. Cir.,Médico Cirujano,,20,RAUL CONDORI MAMANI,2014-10-25 15:42:46,A,archivo central,
2188,1,2007-10-29,2008-03-17,1379,1,15567,,Lic.,Licenciado en Bioquímica,,20,LUCIO MAMANI POMA,2019-11-08 16:54:44,A,archivo central,
2189,6,2008-03-17,,1379,1,14880,,Lic.,Bioquímico,,20,ISAAC MAGNO QUISPE MAMANI,2019-11-08 16:15:14,A,archivo central,
5166,5,2006-06-26,,1379,1,14880,U. publica de el alto,Lic.,Educación  Superior,,20,LUCIO MAMANI POMA,2019-11-08 16:54:55,A,archivo central,
13364,3,2018-05-04,,1379,2,246,,M. Sc.,Magister Scientiarum en Investigación Científica,,20,ISAAC MAGNO QUISPE MAMANI,2019-11-08 16:15:25,A,archivo central,
2202,1,2005-04-29,2006-07-28,1383,1,8393,,Dr.,Médico Cirujano ,,20,YOLANDA TANCARA MAMANI,2011-05-26 20:15:27,A,archivo central,
2203,5,2007-09-30,,1383,1,S/N,,Dr.,Educación Superior ,,20,RAUL CONDORI MAMANI,2011-05-26 20:17:50,A,archivo central,
5618,6,2006-07-28,,1383,1,10311,U. publica de el alto,Dr.,Médico Cirujano ,,20,YOLANDA TANCARA MAMANI,2014-10-25 15:42:46,A,archivo central,
2224,1,1981-05-15,1982-03-19,1396,1,001518-29-5,,Dr.,Médico Cirujano ,,20,YOLANDA TANCARA MAMANI,2011-05-27 14:59:16,A,archivo central,
2225,6,2005-12-09,,1396,14,153,,Dr.,Médico Cirujano (Cert.Supl),(Cert.Supl,20,RAUL CONDORI MAMANI,2011-05-27 15:00:14,A,archivo central,
7529,5,2010-03-30,,1396,1,21-A,,Dr.,Educación Superior,,20,RAUL CONDORI MAMANI,2015-02-20 16:20:47,A,archivo central,
2377,1,2002-02-19,2002-09-20,1458,1,5317,U.M.S.A.,Dr.,Medico Cirujano,,20,"RAUL, CONDORI MAMANI",2011-09-08 15:01:58,A,archivo central,
7072,6,2002-09-20,,1458,1,783,,Dr.,Medico Cirujano,,20,"RAUL, CONDORI MAMANI",2015-01-27 15:32:39,A,archivo central,
7073,5,2006-12-12,,1458,1,532,,Dr.,EDUCACIÓN SUPERIOR,,20,RAUL CONDORI MAMANI,2015-01-27 15:34:28,A,archivo central,
2404,1,2004-05-10,2004-09-04,1472,1,5123,,Lic. Med. Cir.,Médico Cirujano,Verificado Documento en Legalizado 15/12/2020,20,LUCIO MAMANI POMA,2020-12-15 17:20:56,A,archivo central,
2405,5,2007-09-30,,1472,1,686,,Lic. Med. Cir.,Educación Superior,Verificado Documento en Legalizado 15/12/2020,20,LUCIO MAMANI POMA,2020-12-15 17:23:01,A,archivo central,
5907,6,2004-09-04,,1472,1,5639,U. publica de el alto,Lic. Med. Cir.,Médico Cirujano,Verificado Documento en Legalizado 15/12/2020,20,LUCIO MAMANI POMA,2020-12-15 17:21:32,A,archivo central,
2410,1,2006-06-29,2006-08-04,1475,1,11685,,Dr.,Médico Cirujano ,,20,YOLANDA TANCARA MAMANI,2011-09-08 19:27:11,A,archivo central,
2411,5,2011-07-01,,1475,1,82,,Dr.,Educación Superior ,,20,YOLANDA TANCARA MAMANI,2011-09-08 19:29:04,A,archivo central,
5218,6,2006-08-04,,1475,1,110824,U. publica de el alto,Dr.,Médico Cirujano ,,20,RAUL CONDORI MAMANI,2014-10-25 15:42:46,A,archivo central,
2459,1,2008-09-29,2008-11-12,1492,1,19024,U.MAYOR DE SAN ANDRES,Lic.,Licenciada en Lingüística e Idiomas Mención: Lingüística y Lenguas Extranjeras,,20,RAUL CONDORI MAMANI,2018-05-21 15:32:43,A,archivo central,
2463,5,2009-01-01,,1492,1,06-A,U.MAYOR DE SAN ANDRES,Lic.,Educación Superior,CEUB,20,"RAUL, CONDORI MAMANI",2011-09-27 16:37:53,A,archivo central,
5972,6,2008-11-12,,1492,1,17379,U. publica de el alto,Lic.,Licenciada en Lingüística e Idiomas Mención: Lingüística y Lenguas Extranjeras,,20,RAUL CONDORI MAMANI,2018-05-21 15:32:56,A,archivo central,
2575,1,2006-05-30,2006-08-04,1550,1,11368,UMSA,Lic. Med. Cir.,Médico Cirujano,,20,RAUL CONDORI MAMANI,2019-03-21 09:57:32,A,archivo central,
2576,6,2010-08-04,,1550,1,10323,,Lic. Med. Cir.,Médico Cirujano,,20,RAUL CONDORI MAMANI,2019-03-21 09:57:23,A,archivo central,
8241,5,2007-09-30,,1550,1,739,,Lic. Med. Cir.,Educación Superior ,,20,RAUL CONDORI MAMANI,2019-03-21 09:57:10,A,archivo central,
13806,5,2008-11-30,,1550,1,1499,,Lic. Med. Cir.,Diabetología,,20,RAUL CONDORI MAMANI,2019-03-21 09:59:09,A,archivo central,
14424,5,2007-04-30,,1550,1,629,,Lic. Med. Cir.,En Salud Pública Mención Epidemiología Practica y Vigilancia Epidemiológica,Ingresa en Legalizado 28/11/2019,20,LUCIO MAMANI POMA,2019-11-28 14:20:39,A,archivo central,
14425,5,2019-04-10,,1550,2,840,,Lic. Med. Cir.,Ecografía Básica Abdominal y Ginecoobstétrica ,Ingresa en Legalizado 28/11/2019,20,LUCIO MAMANI POMA,2019-11-28 14:22:37,A,archivo central,
2743,1,2005-04-29,2005-07-19,1705,1,8311,UNIVERSIDAD MAYOR DE SAN ANDRES,Lic. Med. Cir.,Medico Cirujano,,20,LUCIO MAMANI POMA,2019-09-20 17:42:32,A,archivo central,
2744,5,2005-07-01,,1705,1,1,UNIVERSIDAD MAYOR DE SAN ANDRES,Lic. Med. Cir.,EDUCACIÓN SUPERIOR,,20,LUCIO MAMANI POMA,2019-09-20 17:44:50,A,archivo central,
5137,6,2005-07-19,,1705,1,7514,U. publica de el alto,Lic. Med. Cir.,Medico Cirujano,,20,LUCIO MAMANI POMA,2019-09-20 17:44:02,A,archivo central,
2745,1,2004-05-10,2004-07-27,1706,1,5138,UNIVERSIDAD MAYOR DE SAN ANDRES,Dr.,Médico Cirujano,,20,YOLANDA TANCARA MAMANI,2012-03-16 20:44:31,A,archivo central,
2746,6,2004-07-27,,1706,1,5151,UNIVERSIDAD MAYOR DE SAN ANDRES,Dr.,Médico Cirujano ,,20,YOLANDA TANCARA MAMANI,2012-03-16 20:50:33,A,archivo central,
7527,5,2010-07-02,,1706,1,12084,,Dr.,Educación Superior ,,20,YOLANDA TANCARA MAMANI,2015-02-20 16:01:05,A,archivo central,
3397,1,2002-03-25,2002-11-18,1758,5,703,UNIVERSIDAD MAYOR DE SAN SIMON,Lic. Med. Cir.,Médico Cirujano,Ingreso Documento en Legalizado 16/10/2020,20,LUCIO MAMANI POMA,2020-10-16 14:48:33,A,archivo central,
6281,6,2002-11-18,,1758,5,2194,U. publica de el alto,Lic. Med. Cir.,Medico Cirujano,Ingreso Documento en Legalizado 16/10/2020,20,LUCIO MAMANI POMA,2020-10-16 14:48:57,A,archivo central,
8583,5,2015-03-02,,1758,1,571,,Lic. Med. Cir.,Educación Superior,Ingreso Documento en Legalizado 16/10/2020,20,LUCIO MAMANI POMA,2020-10-16 14:49:33,A,archivo central,
2823,1,1980-12-29,1981-10-19,1760,1,1003-10.,UNIVERSIDAD MAYOR DE SAN ANDRES,Dr.,Médico Cirujano,,20,ISAAC MAGNO QUISPE MAMANI,2020-04-08 18:32:47,A,archivo central,
2824,2,1998-12-17,,1760,1,121,UNIVERSIDAD MAYOR DE SAN ANDRES,Dr.,En Psicopedagogia en Educación Superior,,20,YOLANDA TANCARA MAMANI,2012-03-23 20:06:15,A,archivo central,
5503,6,1981-10-19,,1760,14,843,U. publica de el alto,Dr.,Médico Cirujano ,,20,YOLANDA TANCARA MAMANI,2014-10-25 15:42:46,A,archivo central,
2830,1,2009-07-23,2009-11-17,1764,2,228,UNIVERSIDAD PUBLICA DE EL ALTO,Dr.,Médico Cirujano,,20,RAUL CONDORI MAMANI,2012-03-23 20:24:05,A,archivo central,
2831,6,2009-11-17,,1764,2,43,UNIVERSIDAD PUBLICA DE EL ALTO,Dr.,Médico Cirujano,,20,RAUL CONDORI MAMANI,2012-03-23 20:24:55,A,archivo central,
5307,5,2009-12-18,,1764,2,4,U. publica de el alto,Dr.,Educación Superior,,20,YOLANDA TANCARA MAMANI,2014-10-25 15:42:46,A,archivo central,
2860,1,2003-03-11,2003-05-20,1783,12,249,UNIVERSIDAAD MAYOR REAL Y PONTIFICIA SAN FRANCISCO XAVIER DE,Dr.,Médico Cirujano,,20,RAUL CONDORI MAMANI,2012-03-26 11:56:25,A,archivo central,
8549,6,2003-05-20,,1783,12,767,,Dr.,Médico Cirujano,,20,RAUL CONDORI MAMANI,2015-04-21 10:52:46,A,archivo central,
9528,5,2011-12-30,,1783,1,2478,,Dr.,Educación Superior,,20,RAUL CONDORI MAMANI,2015-11-23 14:44:23,A,archivo central,
10986,3,2010-04-27,,1783,1,1092,,M. Sc., Maestro en Ciencias en Salud Pública ,,20,RAUL CONDORI MAMANI,2016-11-24 17:59:31,A,archivo central,
3028,1,2003-03-24,2003-09-08,1897,1,1738,U.MAYOR DE SAN ANDRES,Dr.,Médico  Cirujano ,,20,RAUL CONDORI MAMANI,2012-04-20 22:17:49,A,archivo central,
3029,6,2003-09-08,,1897,1,3083,-SELECCIONAR-,Lic. Med. Cir.,Médico Cirujano,,20,RAUL CONDORI MAMANI,2012-04-20 22:19:16,A,archivo central,
5880,5,2004-12-31,,1897,1,S/N,U. publica de el alto,Lic. Med. Cir.,Educación Superior,,20,YOLANDA TANCARA MAMANI,2014-10-25 15:42:46,A,archivo central,
3259,1,2009-10-06,2009-11-17,2246,2,237,UPEA,Lic. Med. Cir.,Médico Cirujano ,,20,RAUL CONDORI MAMANI,2012-06-25 18:39:33,A,archivo central,
3260,6,2009-11-17,,2246,2,44,UPEA,Lic. Med. Cir.,Médico Cirujano ,,20,RAUL CONDORI MAMANI,2012-06-25 18:45:56,A,archivo central,
7518,5,2010-05-08,,2246,2,56,,Lic. Med. Cir.,Educación Superior ,,20,YOLANDA TANCARA MAMANI,2015-02-20 15:36:50,A,archivo central,
3283,1,1995-12-18,1998-02-02,2313,1,2695,UNIVERSIDAD MAYOR DE SAN ANDRES,Lic. Med. Cir.,Médico Cirujano ,,20,RAUL CONDORI MAMANI,2012-07-20 17:00:14,A,archivo central,
3284,5,2011-07-01,,2313,1,"179  Serie""F""",UNIVERSIDAD MAYOR DE SAN ANDRES,Lic. Med. Cir.,Educación Superior ,,20,RAUL CONDORI MAMANI,2012-07-20 17:06:57,A,archivo central,
5583,6,1998-02-02,,2313,1,004703 - C,U. publica de el alto,Lic. Med. Cir.,Médico Cirujano ,,20,RAUL CONDORI MAMANI,2014-10-25 15:42:46,A,archivo central,
12004,5,2017-10-30,,2313,1,54-D ,,Lic. Cir. Dent.,Docencia Universitaria,,20,RAUL CONDORI MAMANI,2019-02-06 14:30:38,A,archivo central,
13355,3,2018-12-04,,2313,1,1719,,M. Sc.,Maestro en Ciencias en Educación Superior,,20,RAUL CONDORI MAMANI,2019-02-06 14:31:04,A,archivo central,
3285,1,2005-04-29,2005-07-05,2314,1,8313,UNIVERSIDAD MAYOR DE SAN ANDRES,Lic. Med. Cir.,Médico Cirujano ,,20,RAUL CONDORI MAMANI,2012-07-20 17:13:08,A,archivo central,
3286,5,2005-07-30,,2314,1,5,UNIVERSIDAD MAYOR DE SAN ANDRES,Dr.,Educación Superior,,20,RAUL CONDORI MAMANI,2012-07-20 17:15:36,A,archivo central,
5210,6,2005-07-05,,2314,1,7404,U. publica de el alto,Lic. Med. Cir.,Médico Cirujano ,,20,RAUL CONDORI MAMANI,2014-10-25 15:42:46,A,archivo central,
15517,1,2014-10-16,,2471,2,2966,,Lic. Med. Cir.,Médico Cirujano,Ingresa Documento en Legalizado 23/06/2021  CITE UPEA N° 147/2021 Area Salud,20,LUCIO MAMANI POMA,2021-06-24 09:32:02,A,archivo central,
15518,6,2015-02-26,,2471,2,2232,,Lic. Med. Cir.,Médico Cirujano,Ingresa Documento en Legalizado 23/06/2021  CITE UPEA N° 147/2021 Area Salud,20,LUCIO MAMANI POMA,2021-06-24 09:32:17,A,archivo central,
15519,5,2015-09-25,,2471,1,630,,Lic. Med. Cir.,Docencia Universitaria,Ingresa Documento en Legalizado 23/06/2021  CITE UPEA N° 147/2021 Area Salud,20,LUCIO MAMANI POMA,2021-06-23 13:27:56,A,archivo central,
16766,1,2015-04-24,,2491,2,3511 Serie B,,Lic. Med. Cir.,MEDICO CIRUJANO ,16 de marzo de 2022,20,RUDI GUSTAVO ARUHIZA TOLA,2022-03-16 11:50:08,A,archivo central,
16774,6,2015-07-13,,2491,2,2516 Serie C,,Lic. Med. Cir.,MEDICO CIRUJANO,16 de marzo de 2022,20,RUDI GUSTAVO ARUHIZA TOLA,2022-03-16 12:22:08,A,archivo central,
16775,5,2015-12-14,,2491,11,029 Serie D,,Lic. Med. Cir.,EDUCACIÓN SUPERIOR Y GESTIÓN DOCENTE,16 de marzo de 2022,20,RUDI GUSTAVO ARUHIZA TOLA,2022-03-16 12:19:33,A,archivo central,
3487,6,2010-11-18,2010-11-18,2764,2,269 Serie B,U.PUBLICA DE EL ALTO,Lic. Med. Cir.,MEDICO CIRUJANO,16 de MARZO DE 2022,20,RUDI GUSTAVO ARUHIZA TOLA,2022-03-16 10:55:20,A,archivo central,
3488,5,2012-09-28,,2764,2,1425 Serie B,U.PUBLICA DE EL ALTO,Lic. Med. Cir.,DOCENCIA Y GESTIÓN DE AULA  EN EDUCACIÓN SUPERIOR,16 de marzo de 2022,20,RUDI GUSTAVO ARUHIZA TOLA,2022-03-16 10:57:54,A,archivo central,
16756,1,2010-09-16,,2764,2,"09 Serie ""B""",,Lic. Med. Cir.,MEDICO CIRUJANO ,16 de marzo de 2022,20,RUDI GUSTAVO ARUHIZA TOLA,2022-03-16 10:59:37,A,archivo central,
3892,1,1980-12-29,1981-12-18,3298,1,1020-33,U.MAYOR DE SAN ANDRES,Dr.,Médico Cirujano,,20,RAUL CONDORI MAMANI,2013-04-22 10:57:52,A,archivo central,
7524,6,1981-12-18,,3298,1,1361,,Dr.,Médico Cirujano,,20,RAUL CONDORI MAMANI,2015-02-20 15:56:38,A,archivo central,
7526,5,2000-08-30,,3298,1,S/N,,Dr.,Educación Superior,,20,RAUL CONDORI MAMANI,2015-02-20 15:57:36,A,archivo central,
3893,1,1992-11-30,1994-04-08,3299,1,10976-1511,U.MAYOR DE SAN ANDRES,Dr.,Médico Cirujano,,20,RAUL CONDORI MAMANI,2013-04-22 16:41:38,A,archivo central,
5144,6,1994-04-08,,3299,1,000335-C,U. publica de el alto,Dr.,Médico Cirujano,,20,RAUL CONDORI MAMANI,2014-10-25 15:42:46,A,archivo central,
6558,5,2009-04-30,,3299,1,1475,,Dr.,Educación Superior,,20,RAUL CONDORI MAMANI,2014-11-13 17:56:21,A,archivo central,
3896,1,2006-06-29,2006-11-22,3301,1,11683,U.MAYOR DE SAN ANDRES,Lic. Med. Cir.,Médico Cirujano,,20,RAUL CONDORI MAMANI,2013-04-22 17:02:22,A,archivo central,
3897,5,2009-04-30,,3301,1,1680,U.MAYOR DE SAN ANDRES,Lic. Med. Cir.,Educación Superior,,20,RAUL CONDORI MAMANI,2013-04-22 17:03:43,A,archivo central,
8573,6,2006-11-22,,3301,1,11298,,Lic. Med. Cir.,Médico Cirujano,,20,RAUL CONDORI MAMANI,2015-04-21 11:43:26,A,archivo central,
3899,1,2006-08-30,2006-09-21,3303,1,12083,U.MAYOR DE SAN ANDRES,Dr.,Médico Cirujano ,,20,RAUL CONDORI MAMANI,2013-04-22 17:42:49,A,archivo central,
6562,6,2006-09-21,,3303,1,10776,,Dr.,Médico Cirujano ,,20,RAUL CONDORI MAMANI,2014-11-13 18:06:23,A,archivo central,
6563,5,2007-10-01,,3303,1,744,,Dr.,Educación Superior ,,20,RAUL CONDORI MAMANI,2014-11-13 18:07:20,A,archivo central,
3902,1,2007-04-26,2007-07-06,3306,1,13822,U.MAYOR DE SAN ANDRES,Lic. Med. Cir.,Médico Cirujano ,Ingresa Documento en legalizado 16/11/2020 CITE N° 253 Área Salud,20,LUCIO MAMANI POMA,2020-11-17 11:33:45,A,archivo central,
8288,6,2007-07-06,,3306,1,12800,,Lic. Med. Cir.,Médico Cirujano,Ingresa Documento en legalizado 16/11/2020 CITE N° 253 Área Salud,20,LUCIO MAMANI POMA,2020-11-17 11:34:12,A,archivo central,
8289,5,2012-04-10,,3306,1,7,,Lic. Med. Cir.,Educación Superior  Formación Basada en Competencias ,Ingresa Documento en legalizado 16/11/2020 CITE N° 253 Área Salud,20,LUCIO MAMANI POMA,2020-11-17 11:36:01,A,archivo central,
3990,1,2009-10-06,2010-01-26,3497,2,238,U.PUBLICA DE EL ALTO,Dr.,MEDICO CIRUJANO,,20,LUCIO MAMANI POMA,2019-09-06 11:05:01,A,archivo central,
3991,5,2010-05-08,,3497,2,57,U.PUBLICA DE EL ALTO,Dr.,EDUCACION SUPERIOR UNIVERSITARIA,,20,"ADOLFO, MANZANEDA FLORES",2013-06-10 15:26:08,A,archivo central,
6559,6,2010-01-26,,3497,2,72,,Dr.,MEDICO CIRUJANO,,20,"ADOLFO, MANZANEDA FLORES",2014-11-13 18:00:29,A,archivo central,
14826,1,2017-03-24,,3522,2,6230,,Lic. Med. Cir.,Medico Cirujano,Ingreso Documento en Legalizado 16/10/2020,20,LUCIO MAMANI POMA,2020-10-16 14:46:07,A,archivo central,
14827,6,2017-08-31,,3522,2,4878,,Lic. Med. Cir.,Medico Cirujano,Ingreso Documento en Legalizado 16/10/2020,20,LUCIO MAMANI POMA,2020-10-16 14:46:31,A,archivo central,
4181,1,2005-04-29,2005-06-28,3868,1,8248,U.MAYOR DE SAN ANDRES,Lic. Med. Cir.,Médico Cirujano,,20,RAUL CONDORI MAMANI,2013-10-07 16:46:54,A,archivo central,
4182,5,2010-12-17,,3868,1,8,U.MAYOR DE SAN ANDRES,Lic. Med. Cir.,Educación Superior,,20,RAUL CONDORI MAMANI,2013-10-07 16:48:14,A,archivo central,
5719,6,2005-06-28,,3868,1,7351,U. publica de el alto,Lic. Med. Cir.,Médico Cirujano,,20,RAUL CONDORI MAMANI,2014-10-25 15:42:46,A,archivo central,
12754,3,2008-09-25,,3868,5,00136/08,,M. Sc.,MAGISTER EN SALUD FAMILIAR Y COMUNITARIA,,20,RAUL CONDORI MAMANI,2018-05-11 16:55:17,A,archivo central,
4390,1,2011-03-30,2011-06-24,4107,2,346,U.PUBLICA DE EL ALTO,Lic. Med. Cir.,Medico Cirujano,,20,RAUL CONDORI MAMANI,2014-02-28 15:50:56,A,archivo central,
4391,5,2013-03-22,,4107,2,2139,U.PUBLICA DE EL ALTO,Lic. Med. Cir.,Educación Superior,,20,RAUL CONDORI MAMANI,2014-02-28 15:53:43,A,archivo central,
6554,6,2011-06-24,,4107,2,577,,Lic. Med. Cir.,Médico Cirujano,,20,RAUL CONDORI MAMANI,2014-11-13 17:42:31,A,archivo central,
14410,2,2018-02-22,,4107,9,984,,Lic. Med. Cir.,Imagenología Mención Ecografía,Legalizado ingresa 08/11/2019,20,LUCIO MAMANI POMA,2019-11-08 16:59:12,A,archivo central,
4564,1,2008-11-05,2009-02-06,4363,1,19627,U.MAYOR DE SAN ANDRES,Lic. Med. Cir.,Médico Cirujano ,,20,RAUL CONDORI MAMANI,2019-02-25 10:47:35,A,archivo central,
4565,6,2009-02-06,,4363,1,18017,U.MAYOR DE SAN ANDRES,Lic. Med. Cir.,Médico Cirujano ,,20,RAUL CONDORI MAMANI,2019-02-15 11:31:13,A,archivo central,
8286,5,2013-12-30,,4363,1,282,,Lic. Med. Cir.,Educación Superior,,20,LUCIO MAMANI POMA,2019-09-05 16:32:43,A,archivo central,
4567,1,2007-04-26,2007-08-28,4365,1,13789,U.MAYOR DE SAN ANDRES,Lic. Med. Cir.,Médico Cirujano,Ingresa Documento en Legalizado 13/08/2021 con CITE Area de Salud N° 181/2021,20,LUCIO MAMANI POMA,2021-08-13 12:51:16,A,archivo central,
8235,6,2007-08-28,,4365,1,13402,,Lic. Med. Cir.,Médico Cirujano,Ingresa Documento en Legalizado 13/08/2021 con CITE Area de Salud N° 181/2021,20,LUCIO MAMANI POMA,2021-08-13 12:50:30,A,archivo central,
8236,5,2011-11-30,,4365,1,2736,,Lic. Med. Cir.,Educación Superior ,Ingresa Documento en Legalizado 13/08/2021 con CITE Area de Salud N° 181/2021,20,LUCIO MAMANI POMA,2021-08-13 12:51:38,A,archivo central,
13344,3,2014-04-02,,4365,1,714,,M. Sc.,Magister Scientiarum Maestro en Ciencias en Medicina Forense ,Ingresa Documento en Legalizado 13/08/2021 con CITE Area de Salud N° 181/2021,20,LUCIO MAMANI POMA,2021-08-13 12:51:01,A,archivo central,
4575,1,2009-07-23,2009-08-14,4368,2,234,U.PUBLICA DE EL ALTO,Lic. Med. Cir.,Médico Cirujano,Verificado Documento en Legalizado 21/10/2021,20,LUCIO MAMANI POMA,2021-10-21 09:14:19,A,archivo central,
4576,5,2011-04-21,,4368,1,12,U.MAYOR DE SAN ANDRES,Lic. Med. Cir.,Organización y Administración Pedagógica del Aula en Educación Superior ,Verificado Documento en Legalizado 21/10/2021,20,LUCIO MAMANI POMA,2021-10-21 09:15:39,A,archivo central,
6555,6,2009-08-14,,4368,2,12,,Lic. Med. Cir.,Médico Cirujano,Verificado Documento en Legalizado 21/10/2021,20,LUCIO MAMANI POMA,2021-10-21 09:14:54,A,archivo central,
4584,1,2002-04-25,2002-08-31,4380,1,5809,U.MAYOR DE SAN ANDRES,Dr.,MEDICO CIRUJANO,,20,"ADOLFO, MANZANEDA FLORES",2014-05-15 12:06:21,A,archivo central,
6560,6,2002-08-30,,4380,1,632,,Dr.,MEDICO CIRUJANO,,20,LUCIO MAMANI POMA,2019-09-06 11:08:03,A,archivo central,
6561,5,2012-09-28,,4380,1,20B,,Dr.,EDUCACION SUPERIOR,,20,LUCIO MAMANI POMA,2019-09-06 11:08:29,A,archivo central,
4598,1,2002-02-19,2002-03-22,4391,1,5278,U.MAYOR DE SAN ANDRES,Lic. Med. Cir.,Médico Cirujano,,20,RAUL CONDORI MAMANI,2019-03-25 17:22:19,A,archivo central,
9008,6,2002-03-22,,4391,1,04746-D,,Lic. Med. Cir.,Médico Cirujano ,,20,ISAAC MAGNO QUISPE MAMANI,2020-04-08 22:59:39,A,archivo central,
9009,5,2010-06-30,,4391,1,2071,,Lic. Med. Cir.,Educación Superior ,,20,RAUL CONDORI MAMANI,2019-03-25 17:22:31,A,archivo central,
4599,1,2007-05-29,2007-08-21,4392,1,14144,U.MAYOR DE SAN ANDRES,Lic. Med. Cir.,Médico Cirujano,,20,RAUL CONDORI MAMANI,2018-01-29 15:15:53,A,archivo central,
8309,6,2007-08-21,,4392,1,13336,,Lic. Med. Cir.,Médico Cirujano,,20,RAUL CONDORI MAMANI,2018-01-29 15:17:12,A,archivo central,
12051,5,2012-12-30,,4392,1,3671,,Lic. Med. Cir.,Educación Superior,,20,RAUL CONDORI MAMANI,2018-01-29 15:18:15,A,archivo central,
4643,5,2012-04-30,,4414,2,S/N,,Lic. Med. Cir.,Educación Superior ,,20,RAUL CONDORI MAMANI,2014-06-24 09:49:20,A,archivo central,
4656,1,2009-10-06,2009-12-09,4414,2,261,,Lic. Med. Cir.,Médico Cirujano ,,20,RAUL CONDORI MAMANI,2014-06-24 12:57:15,A,archivo central,
8135,6,2009-12-09,,4414,2,62,,Lic. Med. Cir.,Médico Cirujano ,,20,RAUL CONDORI MAMANI,2015-03-27 16:16:49,A,archivo central,
4647,1,2006-06-29,2006-11-15,4486,1,11672,,Lic. Med. Cir.,Médico Cirujano ,,20,RAUL CONDORI MAMANI,2014-06-24 10:22:39,A,archivo central,
8132,6,2006-11-15,,4486,1,11046,,Lic. Med. Cir.,Médico Cirujano ,,20,RAUL CONDORI MAMANI,2015-03-27 16:01:56,A,archivo central,
4685,1,1996-12-17,1998-05-20,4510,1,3951,,Lic. Med. Cir.,Licenciado en Medicina y Cirugía ,Ingresa Documento en Legalizado 17/02/2021,22,LUCIO MAMANI POMA,2021-02-17 11:57:49,A,archivo central,
8233,6,1998-05-20,,4510,1,5133-C,,Lic. Med. Cir.,Médico Cirujano ,Ingresa Documento en Legalizado 17/02/2021,20,LUCIO MAMANI POMA,2021-02-17 11:58:25,A,archivo central,
8234,5,2018-07-07,,4510,1,45,,Lic. Med. Cir.,Educación Superior ,Ingresa Documento en Legalizado 17/02/2021,20,LUCIO MAMANI POMA,2021-02-17 11:59:00,A,archivo central,
4739,1,2011-03-30,2011-06-24,4633,2,"00347 Serie""B""",,Lic. Med. Cir.,Médico Cirujano ,,20,RAUL CONDORI MAMANI,2014-07-21 12:33:34,A,archivo central,
8128,6,2011-06-24,,4633,2,"00553 serie""B""",,Lic. Med. Cir.,Médico Cirujano ,,20,RAUL CONDORI MAMANI,2017-11-08 09:04:45,A,archivo central,
13450,5,2014-09-16,,4633,2,3949,,Lic. Med. Cir.,Educación Superior ,,20,RAUL CONDORI MAMANI,2019-02-18 15:45:12,A,archivo central,
14103,1,2009-07-23,,5166,2,227,,Lic. Med. Cir.,MEDICO CIRUJANO,,20,LUCIO MAMANI POMA,2019-06-12 17:36:24,A,archivo central,
14104,6,2010-05-10,,5166,2,97,,Lic. Med. Cir.,MEDICO CIRUJANO,,20,LUCIO MAMANI POMA,2019-06-12 17:37:23,A,archivo central,
14105,5,2013-09-26,,5166,2,2444,,Lic. Med. Cir.,Docencia y Gestión de Aula en Educación Superior,,20,LUCIO MAMANI POMA,2019-06-12 17:38:38,A,archivo central,
8780,1,2006-07-26,,5737,1,11914,,Lic. Med. Cir.,Médico Cirujano ,,20,RAUL CONDORI MAMANI,2019-01-30 16:49:31,A,archivo central,
8781,6,2006-09-29,,5737,1,10790,,Lic. Med. Cir.,Médico Cirujano,,20,RAUL CONDORI MAMANI,2019-01-30 16:50:04,A,archivo central,
8782,5,2009-04-30,,5737,1,1692,,Lic. Med. Cir.,Educación Superior,,20,RAUL CONDORI MAMANI,2019-01-30 16:50:34,A,archivo central,
13348,3,2014-06-03,,5737,1,776,,M. Sc.,Maestro en Ciencias en Medicina Forense,,20,RAUL CONDORI MAMANI,2019-01-30 16:51:58,A,archivo central,
8945,1,2008-12-11,,5738,1,20005,,Dr., Médico Cirujano,,20,YOLANDA TANCARA MAMANI,2015-05-20 15:52:22,A,archivo central,
8946,6,2009-06-26,,5738,1,19321,,Dr.,Médico Cirujano,,20,YOLANDA TANCARA MAMANI,2015-05-20 15:53:47,A,archivo central,
8947,5,2009-04-30,,5738,1,1697,,Dr.,Educación Superior,,20,LUCIO MAMANI POMA,2019-09-06 11:26:50,A,archivo central,
16763,1,2015-07-17,,29587,2,3703 Serie B,,Lic. Med. Cir.,MEDICO CIRUJANO,16 de marzo de 2022,20,RUDI GUSTAVO ARUHIZA TOLA,2022-03-16 11:36:45,A,archivo central,
16764,6,2015-08-17,,29587,2,2587 Serie C,,Lic. Med. Cir.,MEDICO CIRUJANO ,16 de marzo de 2022,20,RUDI GUSTAVO ARUHIZA TOLA,2022-03-16 11:41:56,A,archivo central,
16765,5,2016-03-22,,29587,14,720,,Lic. Med. Cir.,EDUCACIÓN SUPERIOR BASADA EN COMPETENCIAS,16  de marzo de 2022,20,RUDI GUSTAVO ARUHIZA TOLA,2022-03-16 11:44:02,A,archivo central,
15504,1,2017-03-24,,29592,2,6209,,Lic. Med. Cir.,Médico Cirujano,Ingresa Documento en Legalizado 23/06/2021  CITE UPEA N° 147/2021 Area Salud,20,LUCIO MAMANI POMA,2021-06-23 13:29:43,A,archivo central,
15505,6,2017-08-24,,29592,2,4691,,Lic. Med. Cir.,Médico Cirujano,Ingresa Documento en Legalizado 23/06/2021  CITE UPEA N° 147/2021 Area Salud,20,LUCIO MAMANI POMA,2021-06-23 13:30:11,A,archivo central,
15506,5,2019-03-27,,29592,2,624,,Lic. Med. Cir.,Docencia y Gestión de Aula en Educación Superior ,Ingresa Documento en Legalizado 23/06/2021  CITE UPEA N° 147/2021 Area Salud,20,LUCIO MAMANI POMA,2021-06-23 13:30:38,A,archivo central,
12118,1,2015-04-24,,29606,2,3528,,Lic. Med. Cir.,Médico Cirujano,Ingresa Documento en Legalizado 13/08/2021 con CITE Area de Salud N° 181/2021,20,LUCIO MAMANI POMA,2021-08-13 12:58:06,A,archivo central,
12119,6,2015-07-13,,29606,2,2514,,Lic. Med. Cir.,Médico Cirujano,Ingresa Documento en Legalizado 13/08/2021 con CITE Area de Salud N° 181/2021,20,LUCIO MAMANI POMA,2021-08-13 12:56:00,A,archivo central,
12120,5,2015-12-10,,29606,2,641,,Lic. Med. Cir.,Docencia y Gestión de Aula en Educación Superior,Ingresa Documento en Legalizado 13/08/2021 con CITE Area de Salud N° 181/2021,20,LUCIO MAMANI POMA,2021-08-13 12:57:06,A,archivo central,
14080,5,2018-08-27,,29606,2,16,,Lic. Med. Cir.,Administración y Gerencia Hospitalaria y de Servicios de Salud,Verificado Documento en Legalizado 19/11/2021,20,LUCIO MAMANI POMA,2021-11-19 15:27:15,A,archivo central,
14081,5,2018-03-27,,29606,1,7534,,Lic. Med. Cir.,Bacteriología Clínica,Verificado Documento en Legalizado 19/11/2021,20,LUCIO MAMANI POMA,2021-11-19 15:27:49,A,archivo central,
16408,3,2019-12-13,,29606,2,354,,M. Sc.,Magister Scientiarum (M.Sc.) en Educación Superior ,Ingresa Documento en Legalizado 19/11/2021,20,LUCIO MAMANI POMA,2021-11-19 15:30:07,A,archivo central,
16409,3,2021-07-30,,29606,2,1108,,M. Sc.,Magister Scientiarum (M.Sc.) en Salud Pública,Ingreso Documento en Legalizado 19/11/2021,20,LUCIO MAMANI POMA,2021-11-19 15:31:12,A,archivo central,
15199,1,2015-12-18,,30486,2,4302,,Lic. Med. Cir.,Medico Cirujano,Ingresa Documento en Legalizado 25/01/2021 CITE 005/2021 Area Cs. de la Salud,20,LUCIO MAMANI POMA,2021-01-25 12:16:48,A,archivo central,
15200,6,2016-04-12,,30486,2,3264,,Lic. Med. Cir.,Medico Cirujano,Ingresa Documento en Legalizado 25/01/2021 CITE 005/2021 Area Cs. de la Salud,20,LUCIO MAMANI POMA,2021-01-25 12:17:15,A,archivo central,
15201,5,2016-12-28,,30486,2,229,,Lic. Med. Cir.,Didáctica en Educación Superior para Docentes de Aula ,Ingresa Documento en Legalizado 25/01/2021 CITE 005/2021 Area Cs. de la Salud,20,LUCIO MAMANI POMA,2021-01-25 12:17:41,A,archivo central,
14151,1,2015-04-24,,31552,2,3527,,Lic. Med. Cir.,Medico Cirujano,,20,LUCIO MAMANI POMA,2019-07-18 12:44:30,A,archivo central,
14152,6,2015-07-13,,31552,2,2509,,Lic. Med. Cir.,Medico Cirujano,,20,LUCIO MAMANI POMA,2019-07-18 12:45:28,A,archivo central,
14153,5,2015-12-10,,31552,2,698,,Lic. Med. Cir.,Docencia y Gestión de Aula en Educación Superior ,,20,LUCIO MAMANI POMA,2019-07-18 12:46:37,A,archivo central,
15853,1,2018-05-04,,32343,2,7434,,Lic. Med. Cir.,Médico Cirujano,Ingresa Documento en Legalizado 13/08/2021 con CITE Area de Salud N° 181/2021,20,LUCIO MAMANI POMA,2021-08-13 12:42:36,A,archivo central,
15854,6,2018-08-27,,32343,2,5786,,Lic. Med. Cir.,Médico Cirujano,Ingresa Documento en Legalizado 13/08/2021 con CITE Area de Salud N° 181/2021,20,LUCIO MAMANI POMA,2021-08-13 12:42:59,A,archivo central,
15855,5,2021-01-08,,32343,2,906,,Lic. Med. Cir.,"Educación Superior en Salud, Basado en Competencias ",Ingresa Documento en Legalizado 13/08/2021 con CITE Area de Salud N° 181/2021,20,LUCIO MAMANI POMA,2021-08-13 12:43:21,A,archivo central,
8577,1,1996-12-17,,35252,1,3958,,Lic. Med. Cir.,Licenciado en Medicina y Cirugía,,20,RAUL CONDORI MAMANI,2015-04-21 11:54:19,A,archivo central,
8578,6,1998-02-04,,35252,1,004711-C,,Lic. Med. Cir.,Médico Cirujano,,20,RAUL CONDORI MAMANI,2015-04-21 11:55:05,A,archivo central,
8579,5,2014-08-27,,35252,1,1628-A,,Lic. Med. Cir.,Educación Superior,,20,RAUL CONDORI MAMANI,2015-04-21 11:57:51,A,archivo central,
8564,1,2010-04-01,,35254,1,33561,,Lic. Med. Cir.,Médico Cirujano,,20,RAUL CONDORI MAMANI,2015-04-21 11:17:49,A,archivo central,
8565,6,2011-06-17,,35254,1,27488,,Lic. Med. Cir.,Médico Cirujano,,20,RAUL CONDORI MAMANI,2015-04-21 11:18:32,A,archivo central,
8566,5,2012-09-30,,35254,1,3277,,Lic. Med. Cir.,Educación Superior,,20,RAUL CONDORI MAMANI,2015-04-21 11:19:37,A,archivo central,
8705,1,2009-03-27,,38689,1,20577,,Lic. Med. Cir.,Médico Cirujano,Ingresa Documento en Legalizado 13/08/2021 con CITE Area de Salud N° 181/2021,20,LUCIO MAMANI POMA,2021-08-13 12:41:31,A,archivo central,
8706,6,2009-09-11,,38689,1,20028,,Lic. Med. Cir.,Médico Cirujano,Ingresa Documento en Legalizado 13/08/2021 con CITE Area de Salud N° 181/2021,20,LUCIO MAMANI POMA,2021-08-13 12:41:45,A,archivo central,
14106,5,2009-09-30,,38689,1,1851,,Lic. Med. Cir.,Educación Superior,Ingresa Documento en Legalizado 13/08/2021 con CITE Area de Salud N° 181/2021,20,LUCIO MAMANI POMA,2021-08-13 12:41:57,A,archivo central,
11658,1,2012-09-27,,38695,1,43486,,Lic. Med. Cir.,Médico Cirujano,,20,RAUL CONDORI MAMANI,2019-01-21 16:29:03,A,archivo central,
11659,6,2012-11-28,,38695,1,33477,,Lic. Med. Cir.,Médico Cirujano,,20,RAUL CONDORI MAMANI,2019-01-21 16:29:20,A,archivo central,
11660,5,2014-11-10,,38695,1,10-A,,Lic. Med. Cir.,Educación Superior,,20,RAUL CONDORI MAMANI,2019-01-21 16:29:32,A,archivo central,
9413,1,2007-04-26,,39931,1,13898,,Dr.,Médico Cirujano,,20,RAUL CONDORI MAMANI,2015-10-07 10:37:04,A,archivo central,
9414,6,2007-06-27,,39931,1,12762,,Dr.,Médico Cirujano,,20,RAUL CONDORI MAMANI,2015-10-07 10:38:42,A,archivo central,
12849,5,2016-10-30,,39931,1,6131,,Lic. Med. Cir.,Educación Superior,,20,RAUL CONDORI MAMANI,2018-07-18 12:02:36,A,archivo central,
9164,1,2007-06-28,,39937,1,14615,,Lic. Med. Cir.,Médico Cirujano,Ingresa Documento en legalizado 16/11/2020 CITE N° 253 Área Salud,20,LUCIO MAMANI POMA,2020-11-17 11:37:41,A,archivo central,
9165,6,2008-01-24,,39937,1,14318,,Lic. Med. Cir.,Médico Cirujano,Ingresa Documento en legalizado 16/11/2020 CITE N° 253 Área Salud,20,LUCIO MAMANI POMA,2020-11-17 11:38:23,A,archivo central,
9167,5,2015-02-28,,39937,1,4886,,Lic. Med. Cir.,Educación Superior,Ingresa Documento en legalizado 16/11/2020 CITE N° 253 Área Salud,20,LUCIO MAMANI POMA,2020-11-17 11:38:39,A,archivo central,
9445,1,2009-03-27,,40101,1,20499,,Lic. Med. Cir.,Médico Cirujano,,20,RAUL CONDORI MAMANI,2015-10-20 12:30:47,A,archivo central,
9446,6,2009-07-31,,40101,1,19534,,Lic. Med. Cir.,Médico Cirujano,,20,RAUL CONDORI MAMANI,2015-10-20 12:32:21,A,archivo central,
9447,5,2009-09-30,,40101,1,1822,,Lic. Med. Cir.,Educación Superior,,20,RAUL CONDORI MAMANI,2018-07-18 12:03:56,A,archivo central,
15496,1,2009-10-06,,40166,2,259,,Lic. Med. Cir.,Médico Cirujano,Ingresa Documento en Legalizado 13/08/2021 con CITE Area de Salud N° 181/2021,20,RUDI GUSTAVO ARUHIZA TOLA,2022-03-16 11:08:33,A,archivo central,
15497,6,2009-12-04,,40166,2,57,,Lic. Med. Cir.,Médico Cirujano,Ingresa Documento en Legalizado 13/08/2021 con CITE Area de Salud N° 181/2021,20,LUCIO MAMANI POMA,2021-08-23 09:55:28,A,archivo central,
15498,5,2013-11-22,,40166,2,2991,,Lic. Med. Cir.,Didáctica en Educación Superior para Docentes en Aula ,Ingresa Documento en Legalizado 13/08/2021 con CITE Area de Salud N° 181/2021,20,LUCIO MAMANI POMA,2021-08-13 12:54:44,A,archivo central,
10140,1,2008-04-28,,42857,1,17318,,Lic. Med. Cir.,Médico Cirujano,,20,RAUL CONDORI MAMANI,2019-02-22 16:20:53,A,archivo central,
10141,6,2008-06-06,,42857,1,15779,,Lic. Med. Cir.,Médico Cirujano,,20,RAUL CONDORI MAMANI,2019-02-22 16:20:57,A,archivo central,
10142,5,2010-12-13,,42857,1,12744,,Lic. Med. Cir.,Educación Superior,,20,RAUL CONDORI MAMANI,2019-02-22 16:21:02,A,archivo central,
10137,1,2010-07-16,,43272,3,116/2010,,Lic. Med. Cir.,MEDICO CIRUJANO,,20,RAUL CONDORI MAMANI,2016-03-21 11:05:35,A,archivo central,
10138,6,2010-08-20,,43272,3,MED - 110/2010,,Lic. Med. Cir.,MEDICO CIRUJANO,,20,RAUL CONDORI MAMANI,2016-03-21 11:08:06,A,archivo central,
10139,5,2011-04-08,,43272,4,4111119,,Lic. Med. Cir.,Educación Superior,,20,LUCIO MAMANI POMA,2019-09-05 16:04:33,A,archivo central,
10151,1,2011-11-30,,44407,1,40342,,Lic. Med. Cir.,Médico Cirujano,,20,RAUL CONDORI MAMANI,2019-02-22 11:13:23,A,archivo central,
10152,6,2012-02-06,,44407,1,29472,,Lic. Med. Cir.,Médico Cirujano,,20,RAUL CONDORI MAMANI,2019-02-22 11:13:28,A,archivo central,
10153,5,2011-11-30,,44407,1,2756,,Lic. Med. Cir.,Educación Superior,,20,RAUL CONDORI MAMANI,2019-02-22 11:13:35,A,archivo central,
10148,1,2008-05-30,,45552,1,18105,,Lic. Med. Cir.,Médico Cirujano,,20,RAUL CONDORI MAMANI,2019-02-25 10:18:48,A,archivo central,
10149,6,2008-09-10,,45552,1,16679,,Lic. Med. Cir.,Médico Cirujano,,20,RAUL CONDORI MAMANI,2019-02-25 10:18:56,A,archivo central,
10150,5,2012-09-30,,45552,1,3213,,Lic. Med. Cir.,Educación Superior,,20,RAUL CONDORI MAMANI,2019-02-25 10:19:05,A,archivo central,
10134,1,2009-03-27,,46798,1,20555,,Lic. Med. Cir.,Médico Cirujano,Verificado Documento en Legalizado 12/03/2021,20,LUCIO MAMANI POMA,2021-03-12 11:37:57,A,archivo central,
10135,6,2009-06-22,,46798,1,19264,,Lic. Med. Cir.,Médico Cirujano,Verificado Documento en Legalizado 12/03/2021,20,LUCIO MAMANI POMA,2021-03-12 11:38:29,A,archivo central,
10136,5,2010-12-30,,46798,1,2443,,Lic. Med. Cir.,Educación Superior,Verificado Documento en Legalizado 12/03/2021,20,LUCIO MAMANI POMA,2021-03-12 11:39:01,A,archivo central,
10163,1,2006-06-29,,46885,1,11686,,Lic. Med. Cir.,Médico Cirujano,Ingresa Documento en Legalizado 25/01/2021 CITE 005/2021 Area Cs. de la Salud,20,LUCIO MAMANI POMA,2021-01-25 12:18:48,A,archivo central,
10164,6,2007-03-30,,46885,1,12025,,Lic. Med. Cir.,Médico Cirujano,Verificado Documento en Legalizado 25/01/2021 ,20,LUCIO MAMANI POMA,2021-01-25 12:20:26,A,archivo central,
10165,5,2006-09-30,,46885,1,309,,Lic. Med. Cir.,Educación Superior,Ingresa Documento en Legalizado 25/01/2021 CITE 005/2021 Area Cs. de la Salud,20,LUCIO MAMANI POMA,2021-01-25 12:19:19,A,archivo central,
14097,1,2013-04-25,,48236,2,1543,,Lic. Med. Cir.,Medico Cirujano,,20,LUCIO MAMANI POMA,2019-06-12 17:21:41,A,archivo central,
14098,6,2013-09-12,,48236,2,1109,,Lic. Med. Cir.,MEDICO CIRUJANO,,20,LUCIO MAMANI POMA,2019-06-12 17:22:56,A,archivo central,
14099,5,2014-02-13,,48236,2,3385,,Lic. Med. Cir.,Docencia y Gestión de Aula en Educación Superior,,20,LUCIO MAMANI POMA,2019-06-12 17:25:06,A,archivo central,
10767,1,2010-05-03,,49708,1,34496,,Lic. Med. Cir.,Médico Cirujano,,20,RAUL CONDORI MAMANI,2019-02-22 16:13:05,A,archivo central,
10768,6,2010-09-06,,49708,1,23737,,Lic. Med. Cir.,Médico Cirujano,,20,RAUL CONDORI MAMANI,2019-02-22 16:13:10,A,archivo central,
10251,1,2002-06-04,,49718,12,405,,Lic. Med. Cir.,Médico-Cirujano,,20,RAUL CONDORI MAMANI,2019-02-22 16:20:01,A,archivo central,
10252,6,2002-06-24,,49718,12,1014,,Lic. Med. Cir.,Médico-Cirujano,,20,RAUL CONDORI MAMANI,2019-02-22 16:20:05,A,archivo central,
10253,5,2013-12-30,,49718,1,S/N,,Lic. Med. Cir.,Educación Superior,,20,RAUL CONDORI MAMANI,2019-02-22 16:20:09,A,archivo central,
10436,1,2007-04-26,,51270,1,13900,,Lic. Med. Cir.,Médico Cirujano,,20,RAUL CONDORI MAMANI,2018-07-18 11:49:23,A,archivo central,
10437,6,2007-08-02,,51270,1,13161,,Lic. Med. Cir.,Médico Cirujano,,20,RAUL CONDORI MAMANI,2018-07-18 11:50:03,A,archivo central,
10438,5,2014-11-10,,51270,2,4073,,Lic. Med. Cir.,Educación Superior,,20,RAUL CONDORI MAMANI,2018-07-18 11:50:21,A,archivo central,
15941,1,2011-07-08,,52334,2,487,,Lic. Med. Cir.,Médico Cirujano,Ingresa Documento en Legalizado 13/08/2021 con CITE Area de Salud N° 181/2021,20,LUCIO MAMANI POMA,2021-08-13 12:32:24,A,archivo central,
15942,6,2011-12-14,,52334,2,194,,Lic. Med. Cir.,Médico Cirujano,Ingresa Documento en Legalizado 13/08/2021 con CITE Area de Salud N° 181/2021,20,LUCIO MAMANI POMA,2021-08-13 12:32:00,A,archivo central,
15946,5,2021-05-17,,52334,2,s/n,,Lic. Med. Cir.,Educación Superior,no tiene,0,LUCIO MAMANI POMA,2021-08-13 12:32:51,I,archivo central,
14834,1,2012-08-30,,53015,2,1135,,Lic. Med. Cir.,Medico Cirujano,Ingreso Documento en Legalizado 16/11/2020 CITE N° 253 Área Salud,20,LUCIO MAMANI POMA,2020-11-16 15:55:53,A,archivo central,
14835,6,2012-11-26,,53015,2,632,,Lic. Med. Cir.,Medico Cirujano,Ingreso Documento en Legalizado 16/11/2020 CITE N° 253 Área Salud,20,LUCIO MAMANI POMA,2020-11-16 15:56:15,A,archivo central,
14836,5,2014-02-13,,53015,2,3357,,Lic. Med. Cir.,Docencia y Gestion de Aula en Educacion Superior,Ingreso Documento en Legalizado 16/11/2020 CITE N° 253 Área Salud,20,LUCIO MAMANI POMA,2020-11-16 15:56:53,A,archivo central,
13890,1,2012-04-26,,53060,2,889,,Lic. Med. Cir.,Médico Cirujano,,20,RAUL CONDORI MAMANI,2019-04-11 09:16:34,A,archivo central,
13891,6,2012-07-12,,53060,2,441,,Lic. Med. Cir.,Médico Cirujano,,20,RAUL CONDORI MAMANI,2019-04-11 09:17:12,A,archivo central,
14450,5,2019-06-26,,53060,10,194-06,,Lic. Med. Cir.,Diplomado en Docencia en Educación Superior en Salud ,Ingresa en Legalizado 16/01/2020,20,LUCIO MAMANI POMA,2020-01-16 15:42:37,A,archivo central,
13701,1,2011-03-30,,53065,2,375,,Lic. Med. Cir.,Medico Cirujano,Verificado en Legalizado 25/08/2020,20,LUCIO MAMANI POMA,2020-08-25 10:57:45,A,archivo central,
13702,6,2011-05-26,,53065,2,448,,Lic. Med. Cir.,Médico Cirujano,Verificado en Legalizado 25/08/2020,20,LUCIO MAMANI POMA,2020-08-25 10:58:48,A,archivo central,
13703,5,2013-11-22,,53065,2,2976,,Lic. Med. Cir.,Didáctica en Educación Superior para Docentes en Aula ,Ingreso Documento en Legalizado 19/02/2021,20,LUCIO MAMANI POMA,2021-02-19 12:46:43,A,archivo central,
13899,1,2010-10-20,,53081,2,0,,Lic. Med. Cir.,xxxxxxxxx,xxxxxxxxx,0,LUCIO MAMANI POMA,2021-01-19 10:53:45,I,archivo central,
13900,6,2011-06-08,,53081,2,545,,Lic. Med. Cir.,Médico Cirujano,Verificado Documento en Legalizado 19/01/2021,20,LUCIO MAMANI POMA,2021-01-19 10:51:43,A,archivo central,
13901,5,2012-03-09,,53081,2,998,,Lic. Med. Cir.,Docencia y Gestión de Aula en Educación Superior,Verificado Documento en Legalizado 19/01/2021,20,LUCIO MAMANI POMA,2021-01-19 10:52:47,A,archivo central,
13902,2,2016-10-28,,53081,1,597,,Lic. Med. Cir.,Especialidades Médicas en Pediatría,Habilitada para 2019 HR VCR 2478 Medicina 11/04/2019,20,LUCIO MAMANI POMA,2020-09-08 09:37:05,I,archivo central,
14287,1,2019-05-10,,53081,2,8,,Lic. Med. Cir.,Medico Cirujano,CERTIFICADO SUPLETORIO  (por extravió),20,LUCIO MAMANI POMA,2021-01-19 10:51:05,A,archivo central,
13707,1,2011-03-30,,53623,2,351,,Lic. Med. Cir.,Medico Cirujano,Ingreso Documento en Legalizado 16/11/2020 CITE N° 253 Área Salud,20,LUCIO MAMANI POMA,2020-11-16 15:22:25,A,archivo central,
13708,6,2011-05-26,,53623,2,447,,Lic. Med. Cir.,Médico Cirujano,Ingreso Documento en Legalizado 16/11/2020 CITE N° 253 Área Salud,20,LUCIO MAMANI POMA,2020-11-16 15:23:01,A,archivo central,
13709,5,2011-12-02,,53623,2,961,,Lic. Med. Cir.,Didáctica en Educación Superior para Docentes de Aula ,Ingreso Documento en Legalizado 16/11/2020 CITE N° 253 Área Salud,20,LUCIO MAMANI POMA,2020-11-16 15:23:45,A,archivo central,
10586,1,2005-09-29,,54780,1,9317,,Dr.,Médico Cirujano,,20,RAUL CONDORI MAMANI,2019-02-22 16:15:02,A,archivo central,
10587,6,2005-10-14,,54780,1,8262,,Dr.,Médico Cirujano,,20,RAUL CONDORI MAMANI,2019-02-22 16:15:06,A,archivo central,
10588,5,2013-09-01,,54780,1,9003,,Dr.,Educacion Superior,,20,LUCIO MAMANI POMA,2019-09-05 16:27:49,A,archivo central,
15523,1,2009-10-06,,57848,2,256,,Lic. Med. Cir.,Médico Cirujano,Ingresa Documento en Legalizado 23/06/2021  CITE UPEA N° 147/2021 Area Salud,20,LUCIO MAMANI POMA,2021-06-23 13:35:11,A,archivo central,
15524,6,2010-06-30,,57848,2,129,,Lic. Med. Cir.,Médico Cirujano,Ingresa Documento en Legalizado 23/06/2021  CITE UPEA N° 147/2021 Area Salud,20,LUCIO MAMANI POMA,2021-06-23 13:35:36,A,archivo central,
15525,5,2013-05-31,,57848,1,3888,,Lic. Med. Cir.,"Psicopedagogía, Planificación, Evaluación y Gestión de la Educación Superior  en Salud",Ingresa Documento en Legalizado 23/06/2021  CITE UPEA N° 147/2021 Area Salud,20,LUCIO MAMANI POMA,2021-06-23 13:37:13,A,archivo central,
11411,6,2010-08-10,,59345,1,23375,,Lic. Med. Cir.,Médico Cirujano,Verificado Documento en Legalizado 24/11/2020,20,LUCIO MAMANI POMA,2020-11-24 14:11:50,A,archivo central,
11466,1,2010-04-01,,59345,1,33613,,Lic. Med. Cir.,Médico Cirujano,Verificado Documento en Legalizado 24/11/2020,20,LUCIO MAMANI POMA,2020-11-24 14:13:00,A,archivo central,
11467,5,2013-09-30,,59345,1,3996,,Lic. Med. Cir.,Educación Superior,Verificado Documento en Legalizado 24/11/2020,20,LUCIO MAMANI POMA,2020-11-24 14:12:13,A,archivo central,
13270,3,2015-08-28,,59345,1,970,,M. Sc.,Magister Scientiarum Maestro en Ciencias en Medicina Forense,Verificado Documento en Legalizado 24/11/2020,20,LUCIO MAMANI POMA,2021-06-24 09:34:32,A,archivo central,
15257,5,2013-10-31,,59345,1,4127,,Lic. Med. Cir.,En Ciencias Forenses ,Ingresa Documento en Legalizado 24/11/2020,20,LUCIO MAMANI POMA,2020-11-24 14:14:47,A,archivo central,
15258,5,2018-01-26,,59345,1,7374,,Lic. Med. Cir.,Manejo de la Violencia de Género ,Verificado Documento en Legalizado 24/11/2020,20,LUCIO MAMANI POMA,2020-11-24 14:15:50,A,archivo central,
11387,1,2013-06-14,,63325,1,46707 Serie E,,Lic.,Médico Cirujano,16 de marzo de 2022 ,20,RUDI GUSTAVO ARUHIZA TOLA,2022-03-16 11:04:31,A,archivo central,
11388,6,2013-10-25,,63325,1,36989,,Lic.,Médico Cirujano,16 de marzo de 2022,20,RUDI GUSTAVO ARUHIZA TOLA,2022-03-16 11:05:26,A,archivo central,
11389,5,2016-12-12,,63325,2,023 Serie B,,Lic. Med. Cir.,Docencia y Gestión de Aula en Educación Superior ,16 de marzo de 2022,20,RUDI GUSTAVO ARUHIZA TOLA,2022-03-16 11:08:01,A,archivo central,
11580,1,2010-10-07,,65954,3,173/2010,,Lic. Med. Cir.,Médico Cirujano,Ingreso Documento en Legalizado 16/10/2020,20,LUCIO MAMANI POMA,2020-10-16 14:51:58,A,archivo central,
11581,6,2010-11-18,,65954,3,174/2010,,Lic. Med. Cir.,Médico Cirujano,Ingreso Documento en Legalizado 16/10/2020,20,LUCIO MAMANI POMA,2020-10-16 14:53:09,A,archivo central,
11582,5,2011-11-30,,65954,1,2653,,Lic. Med. Cir.,Educación Superior,Ingreso Documento en Legalizado 16/10/2020,20,LUCIO MAMANI POMA,2020-10-16 14:52:35,A,archivo central,
11593,1,2013-03-26,,66789,1,45290,,Lic. Med. Cir.,Médico Cirujano,,20,RAUL CONDORI MAMANI,2017-04-10 17:46:39,A,archivo central,
11594,6,2013-05-28,,66789,1,35116,,Lic. Med. Cir.,Médico Cirujano,,20,RAUL CONDORI MAMANI,2017-04-10 17:47:30,A,archivo central,
11595,5,2013-09-30,,66789,1,S/N,,Lic. Med. Cir.,Educación Superior,,20,RAUL CONDORI MAMANI,2017-04-10 17:49:00,A,archivo central,
11590,1,2006-03-30,,66892,1,10553,,Lic. Med. Cir.,Médico Cirujano,,20,LUCIO MAMANI POMA,2021-11-04 12:06:05,A,archivo central,
11591,6,2006-06-09,,66892,1,9828,,Lic. Med. Cir.,Médico Cirujano,,20,LUCIO MAMANI POMA,2021-11-04 12:06:08,A,archivo central,
11592,5,2007-07-10,,66892,1,9881,,Lic. Med. Cir.,Educación Superior,,20,LUCIO MAMANI POMA,2021-11-04 12:06:11,A,archivo central,
12472,1,2008-05-30,,70366,1,18131,,Lic. Med. Cir.,Médico Cirujano,Ingresa Documento en legalizado 16/11/2020 CITE N° 253 Área Salud,20,LUCIO MAMANI POMA,2020-11-17 11:27:49,A,archivo central,
12473,6,2008-08-21,,70366,1,16546,,Lic. Med. Cir.,Médico Cirujano,Ingresa Documento en legalizado 16/11/2020 CITE N° 253 Área Salud,20,LUCIO MAMANI POMA,2020-11-17 11:28:05,A,archivo central,
12474,5,2008-09-30,,70366,1,1295,,Lic. Med. Cir.,Educación Superior,Verificado Documento en legalizado 17/11/2020,20,LUCIO MAMANI POMA,2020-11-17 11:30:26,A,archivo central,
14840,6,2011-07-04,,70399,1,27660,,Lic. Med. Cir.,Medico Cirujano,Ingresa Documento en legalizado 16/11/2020 CITE N° 253 Área Salud,20,LUCIO MAMANI POMA,2020-11-17 11:51:59,A,archivo central,
14841,1,2011-03-31,,70399,1,37911,,Lic. Med. Cir.,Medico Cirujano,Ingresa Documento en legalizado 16/11/2020 CITE N° 253 Área Salud,20,LUCIO MAMANI POMA,2020-11-17 11:51:36,A,archivo central,
14842,5,2011-11-30,,70399,1,2720,,Lic. Med. Cir.,Educacion Superior,Ingresa Documento en legalizado 16/11/2020 CITE N° 253 Área Salud,20,LUCIO MAMANI POMA,2020-11-17 11:52:29,A,archivo central,
12202,1,2009-04-30,,70911,1,21411,,Lic. Med. Cir.,Médico Cirujano,Ingreso Documento en Legalizado 16/10/2020,20,LUCIO MAMANI POMA,2020-10-16 14:38:13,A,archivo central,
12203,6,2009-07-24,,70911,1,19423,,Lic. Med. Cir.,Médico Cirujano,Ingreso Documento en Legalizado 16/10/2020,20,LUCIO MAMANI POMA,2020-10-16 14:38:30,A,archivo central,
12204,5,2010-09-30,,70911,1,2208,,Lic. Med. Cir.,Educación Superior,Ingreso Documento en Legalizado 16/10/2020,20,LUCIO MAMANI POMA,2020-10-16 14:38:49,A,archivo central,
13013,1,2014-08-29,,71047,1,51417,,Lic. Med. Cir.,Médico Cirujano,Ingreso Documento en Legalizado 16/10/2020,20,LUCIO MAMANI POMA,2020-10-16 14:21:44,A,archivo central,
13014,6,2014-11-14,,71047,1,41320,,Lic. Med. Cir.,Médico Cirujano,Ingreso Documento en Legalizado 16/10/2020,20,LUCIO MAMANI POMA,2020-10-16 14:22:06,A,archivo central,
13015,5,2018-05-17,,71047,2,1259,,Lic. Med. Cir.,Metodología e Investigación en Educación Superior,Ingreso Documento en Legalizado 16/10/2020,20,LUCIO MAMANI POMA,2020-10-16 14:22:27,A,archivo central,
12236,1,2007-07-04,,71988,3,022/2007,,Lic. Med. Cir.,MEDICO CIRUJANO,,20,RAUL CONDORI MAMANI,2019-03-18 16:41:44,A,archivo central,
12237,6,2007-08-17,,71988,3,MED-015/2007,,Lic. Med. Cir.,MEDICO CIRUJANO,,20,RAUL CONDORI MAMANI,2019-03-18 16:41:48,A,archivo central,
12238,5,2016-03-30,,71988,1,5421,,Lic. Med. Cir.,Educación Superior,,20,RAUL CONDORI MAMANI,2019-03-18 16:41:52,A,archivo central,
14846,6,2005-08-22,,73258,1,7856,,Lic. Med. Cir.,Medico Cirujano,Ingreso Documento en Legalizado 16/11/2020 CITE N° 253 Área Salud,20,LUCIO MAMANI POMA,2020-11-16 15:35:23,A,archivo central,
14847,1,2005-06-29,,73258,1,8803,,Lic. Med. Cir.,Medico Cirujano,Ingreso Documento en Legalizado 16/11/2020 CITE N° 253 Área Salud,20,LUCIO MAMANI POMA,2020-11-16 15:34:53,A,archivo central,
14848,5,2005-11-30,,73258,1,132,,Lic. Med. Cir.,Educacion Superior,Ingreso Documento en Legalizado 16/11/2020 CITE N° 253 Área Salud,20,LUCIO MAMANI POMA,2020-11-16 15:36:04,A,archivo central,
12469,1,2010-09-28,,74362,1,35847,,Lic. Med. Cir.,Médico Cirujano,Ingresa Documento en legalizado 16/11/2020 CITE N° 253 Área Salud,20,LUCIO MAMANI POMA,2020-11-17 10:56:28,A,archivo central,
12470,6,2010-11-08,,74362,1,24487,,Lic. Med. Cir.,Médico Cirujano,Ingresa Documento en legalizado 16/11/2020 CITE N° 253 Área Salud,20,LUCIO MAMANI POMA,2020-11-17 10:56:50,A,archivo central,
12471,5,2017-09-25,,74362,1,1348,,Lic. Med. Cir.,Docencia Universitaria,Ingresa Documento en legalizado 16/11/2020 CITE N° 253 Área Salud,20,LUCIO MAMANI POMA,2020-11-17 10:57:13,A,archivo central,
12481,1,1989-03-21,,75068,1,007874-113,,Lic. Med. Cir.,Médico Cirujano,,20,RAUL CONDORI MAMANI,2018-04-09 12:17:15,A,archivo central,
12482,6,1991-10-10,,75068,1,6763,,Lic. Med. Cir.,Médico Cirujano,,20,RAUL CONDORI MAMANI,2018-04-09 12:18:06,A,archivo central,
12483,5,2000-12-08,,75068,1,S/N,,Lic. Med. Cir.,Educación Superior,,20,RAUL CONDORI MAMANI,2018-04-09 12:19:07,A,archivo central,
12475,1,2012-06-20,,75075,3,088/2012,,Lic. Med. Cir.,MÉDICO CIRUJANO,,20,RAUL CONDORI MAMANI,2019-04-11 09:07:25,A,archivo central,
12476,6,2012-07-10,,75075,3,MED-097/2012,,Lic. Med. Cir.,MÉDICO CIRUJANO,,20,RAUL CONDORI MAMANI,2019-04-11 09:07:39,A,archivo central,
12477,5,2017-06-22,,75075,1,3465-A,,Lic. Med. Cir.,Organización y Administración Pedagógica del Aula en Educación Superior,,20,LUCIO MAMANI POMA,2019-06-12 19:01:01,A,archivo central,
13021,1,2013-03-26,,78669,1,45420,,Lic. Med. Cir.,Médico Cirujano,,20,LUCIO MAMANI POMA,2019-09-04 09:06:11,A,archivo central,
13022,6,2013-09-04,,78669,1,36450,,Lic. Med. Cir.,Médico Cirujano,,20,LUCIO MAMANI POMA,2019-09-04 09:06:18,A,archivo central,
13023,5,2017-08-22,,78669,1,86163,,Lic. Med. Cir.,Educación Superior,,20,LUCIO MAMANI POMA,2019-09-05 16:15:05,A,archivo central,
14812,1,2009-06-29,,81982,1,21981,,Lic. Med. Cir.,Medico Cirujano,Ingreso Documento en Legalizado 16/10/2020,20,LUCIO MAMANI POMA,2020-10-16 14:30:42,A,archivo central,
14813,6,2009-11-09,,81982,1,20700,,Lic. Med. Cir.,Medico Cirujano,Ingreso Documento en Legalizado 16/10/2020,20,LUCIO MAMANI POMA,2020-10-16 14:35:51,A,archivo central,
14814,5,2009-09-30,,81982,1,2502,,Lic. Med. Cir.,Educación Superior ,Ingreso Documento en Legalizado 16/10/2020,20,LUCIO MAMANI POMA,2020-10-16 14:36:40,A,archivo central,
14100,1,2012-07-03,,84018,1,42729,,Lic. Med. Cir.,Médico Cirujano,Ingresa Documento en Legalizado 25/01/2021 CITE 005/2021 Area Cs. de la Salud,20,LUCIO MAMANI POMA,2021-01-25 12:06:58,A,archivo central,
14101,6,2012-08-24,,84018,1,32121,,Lic. Med. Cir.,Médico Cirujano,Ingresa Documento en Legalizado 25/01/2021 CITE 005/2021 Area Cs. de la Salud,20,LUCIO MAMANI POMA,2021-01-25 12:06:48,A,archivo central,
14102,5,2012-09-28,,84018,1,3165,,Lic. Med. Cir.,Educación Superior,Ingresa Documento en Legalizado 25/01/2021 CITE 005/2021 Area Cs. de la Salud,20,LUCIO MAMANI POMA,2021-01-25 12:07:30,A,archivo central,
13704,1,2013-03-26,,84159,1,45341,,Lic. Med. Cir.,Médico Cirujano,Ingresa Documento en legalizado 16/11/2020 CITE N° 253 Área Salud,20,LUCIO MAMANI POMA,2020-11-17 11:46:02,A,archivo central,
13705,6,2013-08-13,,84159,1,36195,,Lic. Med. Cir.,Médico Cirujano,Ingresa Documento en legalizado 16/11/2020 CITE N° 253 Área Salud,20,LUCIO MAMANI POMA,2020-11-17 11:46:22,A,archivo central,
13706,5,2013-09-30,,84159,1,4086,,Lic. Med. Cir.,Educación Superior,Ingresa Documento en legalizado 16/11/2020 CITE N° 253 Área Salud,20,LUCIO MAMANI POMA,2020-11-17 11:48:24,A,archivo central,
15253,2,2017-07-27,,84159,1,698,,Lic. Med. Cir.,Especialidades Medicas en Medicina Interna,Ingresa Documento en legalizado 16/11/2020 CITE N° 253 Área Salud,20,LUCIO MAMANI POMA,2020-11-17 11:48:08,A,archivo central,
13698,1,2010-04-01,,84698,1,33623,,Lic. Med. Cir.,Médico Cirujano,Verificado Documento en Legalizado 09/11/2021,20,LUCIO MAMANI POMA,2021-11-19 12:44:16,A,archivo central,
13699,6,2010-07-27,,84698,1,23190,,Lic. Med. Cir.,Médico Cirujano,Verificado Documento en Legalizado 09/11/2021,20,LUCIO MAMANI POMA,2021-11-19 12:44:21,A,archivo central,
13700,5,2017-06-22,,84698,1,3461-A,,Lic. Med. Cir.,Organización y Administración Pedagógica del Aula en Educación Superior,Verificado Documento en Legalizado 09/11/2021,20,LUCIO MAMANI POMA,2021-11-19 12:44:25,A,archivo central,
13692,6,2001-02-06,,84709,1,02042-D,,Lic. Med. Cir.,Médico Cirujano,,20,RAUL CONDORI MAMANI,2019-03-18 16:25:03,A,archivo central,
13693,1,2000-12-14,,84709,1,2667,,Lic. Med. Cir.,Médico Cirujano,,20,RAUL CONDORI MAMANI,2019-03-18 16:24:25,A,archivo central,
13694,5,2013-09-30,,84709,1,3843,,Lic. Med. Cir.,Educación Superior,,20,RAUL CONDORI MAMANI,2019-03-18 16:25:51,A,archivo central,
13887,1,2003-03-24,,84796,1,1698,,Lic. Med. Cir.,Médico Cirujano,Ingreso Documento en Legalizado 16/10/2020,20,LUCIO MAMANI POMA,2020-10-16 14:24:23,A,archivo central,
13888,6,2003-06-11,,84796,1,2469,,Lic. Med. Cir.,Médico Cirujano,Ingreso Documento en Legalizado 16/10/2020,20,LUCIO MAMANI POMA,2020-10-16 14:24:56,A,archivo central,
13889,5,2007-09-30,,84796,1,678,,Lic. Med. Cir.,Educación Superior,Ingreso Documento en Legalizado 16/10/2020,20,LUCIO MAMANI POMA,2020-10-16 14:25:25,A,archivo central,
13821,1,2007-05-29,,84819,1,14170,,Lic. Med. Cir.,Médico Cirujano,Verificado en Legalizado 27/08/2020,20,LUCIO MAMANI POMA,2020-08-27 11:16:53,A,archivo central,
13822,6,2007-08-02,,84819,1,13155,,Lic. Med. Cir.,Médico Cirujano,Verificado en Legalizado 27/08/2020,20,LUCIO MAMANI POMA,2020-08-27 11:17:20,A,archivo central,
14107,5,2007-12-30,,84819,1,1119,,Lic. Med. Cir.,Educación Superior,Verificado en Legalizado 27/08/2020,20,LUCIO MAMANI POMA,2020-08-27 11:17:49,A,archivo central,
13895,1,2012-06-15,,85374,1,42496,,Lic. Med. Cir.,Médico Cirujano,Ingresa en Legalizado 19/06/2020,20,LUCIO MAMANI POMA,2020-06-19 12:02:05,A,archivo central,
13896,6,2012-08-31,,85374,1,32241,,Lic. Med. Cir.,Médico Cirujano,Ingresa en Legalizado 19/06/2020,20,LUCIO MAMANI POMA,2020-06-19 12:02:31,A,archivo central,
13897,2,2017-06-29,,85374,1,659,,Lic. Med. Cir.,Especialidades Médicas en Cardiología ,Ingresa en Legalizado 19/06/2020,20,LUCIO MAMANI POMA,2020-06-19 12:03:01,A,archivo central,
13898,5,2012-12-30,,85374,1,3777,,Lic. Med. Cir.,Educación Superior,Ingresa en Legalizado 19/06/2020,20,LUCIO MAMANI POMA,2020-06-19 12:03:23,A,archivo central,
14800,1,2015-02-19,,96173,3,10/2015,,Lic. Med. Cir.,Medico Cirujano,Ingreso Documento en Legalizado 16/11/2020 CITE N° 253 Área Salud,20,LUCIO MAMANI POMA,2020-11-16 15:54:07,A,archivo central,
14801,6,2015-03-17,,96173,3,MED-8/2015,,Lic. Med. Cir.,Médico Cirujano,Ingreso Documento en Legalizado 16/11/2020 CITE N° 253 Área Salud,20,LUCIO MAMANI POMA,2021-11-19 09:32:49,A,archivo central,
14802,5,2018-09-18,,96173,1,1748,,Lic. Med. Cir.,Docencia Universitaria ,Ingresa Documento en Legalizado 19/11/2021,20,LUCIO MAMANI POMA,2021-11-19 09:33:52,A,archivo central,
16398,5,2015-11-30,,96173,1,5197,,Lic. Med. Cir.,Educación Superior ,Ingresa Documento en Legalizado 19/11/2021,20,LUCIO MAMANI POMA,2021-11-19 09:35:08,A,archivo central,
16399,5,2018-09-18,,96173,1,234-M,,Lic. Med. Cir.,Metodología de la Investigación en Educación Superior ,Ingresa Documento en Legalizado 19/11/2021,20,LUCIO MAMANI POMA,2021-11-19 09:36:21,A,archivo central,
14849,1,2008-05-12,,96184,3,52/2008,,Lic. Med. Cir.,Medico Cirujano,Ingresa Documento en legalizado 16/11/2020 CITE N° 253 Área Salud,20,LUCIO MAMANI POMA,2020-11-17 11:54:15,A,archivo central,
14850,5,2009-02-06,,96184,3,11/2009,,Lic. Med. Cir.,En Ciencias de la Educación Superior ,Ingresa Documento en legalizado 16/11/2020 CITE N° 253 Área Salud,20,LUCIO MAMANI POMA,2020-11-17 11:57:47,A,archivo central,
14854,6,2008-07-14,,96184,3,MED-55/2008,,Lic. Med. Cir.,Medico Cirujano,Ingresa Documento en legalizado 16/11/2020 CITE N° 253 Área Salud,20,LUCIO MAMANI POMA,2020-11-17 11:55:49,A,archivo central,
16800,1,2004-03-10,,99975,1,5116 Serie E,,Lic. Med. Cir.,MEDICO CIRUJANO,16 de marzo de 2022,20,RUDI GUSTAVO ARUHIZA TOLA,2022-03-16 13:27:15,A,archivo central,
16801,6,2005-07-25,,99975,1,7610,,Lic. Med. Cir.,MEDICO CIRUJANO,16 de marzo de 2022,20,RUDI GUSTAVO ARUHIZA TOLA,2022-03-16 13:28:12,A,archivo central,
16802,5,2010-10-22,,99975,1,12205 Serie F,,Lic. Med. Cir.,ORGANIZACIÓN Y ADMINISTRACIÓN PEDAGÓGICA DEL AULA EN EDUCACIÓN SUPERIOR,16 de marzo de 2022,20,RUDI GUSTAVO ARUHIZA TOLA,2022-03-16 13:30:20,A,archivo central,
14851,1,1999-12-16,,100033,1,9373,,Lic. Med. Cir.,Medico Cirujano,Ingresa Documento en legalizado 16/11/2020 CITE N° 253 Área Salud,20,LUCIO MAMANI POMA,2020-11-17 11:06:22,A,archivo central,
14852,6,2002-05-15,,100033,1,5180-D,,Lic. Med. Cir.,Medico Cirujano,Ingresa Documento en legalizado 16/11/2020 CITE N° 253 Área Salud,20,LUCIO MAMANI POMA,2020-11-17 11:06:51,A,archivo central,
14853,5,2018-12-10,,100033,1,s/n,,Lic. Med. Cir.,Educacion Superior,Ingresa Documento en legalizado 16/11/2020 CITE N° 253 Área Salud,20,LUCIO MAMANI POMA,2020-11-17 11:07:33,A,archivo central,
14861,1,2014-03-27,,103133,1,50043,,Lic. Med. Cir.,Médico Cirujano,Ingresa Documento en legalizado 16/11/2020 CITE N° 253 Área Salud,20,LUCIO MAMANI POMA,2021-06-24 09:31:20,A,archivo central,
14862,6,2014-07-14,,103133,1,39755,,Lic. Med. Cir.,Médico Cirujano,Ingresa Documento en legalizado 16/11/2020 CITE N° 253 Área Salud,20,LUCIO MAMANI POMA,2021-06-24 09:31:05,A,archivo central,
14863,5,2014-10-31,,103133,1,4669,,Lic. Med. Cir.,Educacion Superior,Ingresa Documento en legalizado 16/11/2020 CITE N° 253 Área Salud,20,LUCIO MAMANI POMA,2020-11-17 11:50:22,A,archivo central,
14858,1,2005-07-31,,103134,1,8727,,Lic. Med. Cir.,Medico Cirujano,Ingresa Documento en Legalizado 25/01/2021 CITE 005/2021 Area Cs. de la Salud,20,LUCIO MAMANI POMA,2021-01-25 12:22:01,A,archivo central,
14859,6,2005-09-21,,103134,1,8082,,Lic. Med. Cir.,Medico Cirujano,Ingresa Documento en Legalizado 25/01/2021 CITE 005/2021 Area Cs. de la Salud,20,LUCIO MAMANI POMA,2021-01-25 12:21:35,A,archivo central,
14860,5,2011-11-30,,103134,1,S/N,,Lic. Med. Cir.,Educacion Superior,Ingresa Documento en Legalizado 25/01/2021 CITE 005/2021 Area Cs. de la Salud,20,LUCIO MAMANI POMA,2021-01-25 12:22:41,A,archivo central,
15499,1,2011-07-28,,131399,1,38954,,Lic. Med. Cir.,Médico Cirujano,Ingresa Documento en Legalizado 23/06/2021  CITE UPEA N° 147/2021 Area Salud,20,LUCIO MAMANI POMA,2021-06-23 13:31:11,A,archivo central,
15500,6,2011-10-24,,131399,1,28891,,Lic. Med. Cir.,Médico Cirujano,Ingresa Documento en Legalizado 23/06/2021  CITE UPEA N° 147/2021 Area Salud,20,LUCIO MAMANI POMA,2021-06-23 13:31:37,A,archivo central,
15501,5,2012-11-26,,131399,1,211,,Lic. Med. Cir.,Docencia Universitaria ,Ingresa Documento en Legalizado 23/06/2021  CITE UPEA N° 147/2021 Area Salud,20,LUCIO MAMANI POMA,2021-06-23 13:32:06,A,archivo central,
15526,1,2014-06-03,,140510,1,50670,,Lic. Med. Cir.,Médico Cirujano,Ingresa Documento en Legalizado 23/06/2021  CITE UPEA N° 147/2021 Area Salud,20,LUCIO MAMANI POMA,2021-06-23 13:34:05,A,archivo central,
15527,6,2014-09-10,,140510,1,40446,,Lic. Med. Cir.,Médico Cirujano,Ingresa Documento en Legalizado 23/06/2021  CITE UPEA N° 147/2021 Area Salud,20,LUCIO MAMANI POMA,2021-06-23 13:34:30,A,archivo central,
15520,1,2014-03-27,,148258,1,49083,,Lic. Med. Cir.,Médico Cirujano,Ingresa Documento en Legalizado 23/06/2021  CITE UPEA N° 147/2021 Area Salud,20,LUCIO MAMANI POMA,2021-06-23 13:39:55,A,archivo central,
15521,6,2014-09-10,,148258,1,40437,,Lic. Med. Cir.,Médico Cirujano,Ingresa Documento en Legalizado 23/06/2021  CITE UPEA N° 147/2021 Area Salud,20,LUCIO MAMANI POMA,2021-06-23 13:39:22,A,archivo central,
15522,5,2014-12-09,,148258,1,533,,Lic. Med. Cir.,Docencia Universitaria,Ingresa Documento en Legalizado 23/06/2021  CITE UPEA N° 147/2021 Area Salud,20,LUCIO MAMANI POMA,2021-06-23 13:40:22,A,archivo central,
15514,1,2009-04-30,,148259,1,21394,,Lic. Med. Cir.,Médico Cirujano,Ingresa Documento en Legalizado 23/06/2021  CITE UPEA N° 147/2021 Area Salud,20,LUCIO MAMANI POMA,2021-06-23 13:24:24,A,archivo central,
15515,6,2009-10-16,,148259,1,20411,,Lic. Med. Cir.,Médico Cirujano,Ingresa Documento en Legalizado 23/06/2021  CITE UPEA N° 147/2021 Area Salud,20,LUCIO MAMANI POMA,2021-06-23 13:25:03,A,archivo central,
15516,5,2015-02-27,,148259,1,4883,,Lic. Med. Cir.,Educación Superior,Ingresa Documento en Legalizado 23/06/2021  CITE UPEA N° 147/2021 Area Salud,20,LUCIO MAMANI POMA,2021-06-23 13:25:41,A,archivo central,
15779,1,2016-06-02,,149342,1,58908,,Lic. Med. Cir.,Médico Cirujano,Ingresa Documento en Legalizado 05/04/2021,20,LUCIO MAMANI POMA,2021-04-05 10:19:10,A,archivo central,
15780,6,2016-08-23,,149342,1,48785,,Lic. Med. Cir.,Médico Cirujano,Ingresa Documento en Legalizado 05/04/2021,20,LUCIO MAMANI POMA,2021-04-05 10:20:23,A,archivo central,
15947,5,2021-03-11,,149342,2,s/n,,Lic. Med. Cir.,Educación Superior ,no tiene,0,LUCIO MAMANI POMA,2021-08-13 12:47:39,I,archivo central,
15850,1,2012-04-27,,162233,1,41799,,Lic. Med. Cir.,Médico Cirujano,Ingresa Documento en Legalizado 13/08/2021 con CITE Area de Salud N° 181/2021,20,LUCIO MAMANI POMA,2021-08-13 12:45:26,A,archivo central,
15851,6,2012-08-16,,162233,1,31971,,Lic. Med. Cir.,Médico Cirujano,Ingresa Documento en Legalizado 13/08/2021 con CITE Area de Salud N° 181/2021,20,LUCIO MAMANI POMA,2021-08-13 12:45:51,A,archivo central,
15852,5,2019-04-05,,162233,1,8270,,Lic. Med. Cir.,Educación Superior ,Ingresa Documento en Legalizado 13/08/2021 con CITE Area de Salud N° 181/2021,20,LUCIO MAMANI POMA,2021-08-13 12:46:19,A,archivo central,
16760,1,2002-02-19,,168038,1,5315 Serie D,,Lic. Med. Cir.,MEDICO CIRUJANO ,16 de marzo de 2022,20,RUDI GUSTAVO ARUHIZA TOLA,2022-03-16 11:29:15,A,archivo central,
16761,6,2003-01-23,,168038,1,1477,,Lic. Med. Cir.,MEDICO CIRUJANO ,16 de marzo de 2022,20,RUDI GUSTAVO ARUHIZA TOLA,2022-03-16 11:31:25,A,archivo central,
16762,5,2010-09-01,,168038,1,2114,,Lic. Med. Cir.,EDUCACIÓN SUPERIOR,16 de marzo de 2022,20,RUDI GUSTAVO ARUHIZA TOLA,2022-03-16 11:33:35,A,archivo central,
16776,1,2005-04-29,,168054,1,8245 Serie E,,Lic. Med. Cir.,MEDICO CIRUJANO,16 marzo de 2022,20,RUDI GUSTAVO ARUHIZA TOLA,2022-03-16 12:28:45,A,archivo central,
16777,6,2005-06-28,,168054,1,7364,,Lic. Med. Cir.,MEDICO CIRUJANO,16 de marzo de 2022,20,RUDI GUSTAVO ARUHIZA TOLA,2022-03-16 12:31:36,A,archivo central,
16778,5,2019-06-27,,168054,2,1695 Serie F,,Lic. Med. Cir.,DOCENCIA Y GESTIÓN DE AULA EN EDUCACIÓN SUPERIOR ,16 de marzo de 2022,20,RUDI GUSTAVO ARUHIZA TOLA,2022-03-16 12:33:39,A,archivo central,
16582,1,2006-04-27,,182867,1,0011010 Serie E,,Dr.,Medico Cirujano,por resolución No 025/2022 11 de febrero de 2022,20,RUDI GUSTAVO ARUHIZA TOLA,2022-02-14 13:53:13,A,archivo central,
16583,5,2021-06-22,,182867,2,"0001733 DPG - SERIE ""I""",,Dr.,EDUCACIÓN SUPERIOR ,11 de febrero de 2022 por resolución de carrera medicina 025/2022 ,20,RUDI GUSTAVO ARUHIZA TOLA,2022-02-14 13:53:19,A,archivo central,
16584,6,2006-06-02,,182867,1,9758,,Dr.,Medico Cirujano ,11 de febrero de 2022 por resolución No 025/2022 ,20,RUDI GUSTAVO ARUHIZA TOLA,2022-02-14 13:53:27,A,archivo central,
16806,1,2008-03-27,,183239,1,16799 Serie E,,Lic. Med. Cir.,MEDICO CIRUJANO ,16 de marzo de 2022,20,RUDI GUSTAVO ARUHIZA TOLA,2022-03-16 13:41:18,A,archivo central,
16807,6,2007-12-18,,183239,1,15234,,Lic. Med. Cir.,MEDICO CIRUJANO ,16 de marzo de 2022,20,RUDI GUSTAVO ARUHIZA TOLA,2022-03-16 13:42:15,A,archivo central,
16808,5,2010-12-01,,183239,1,2471,,Lic. Med. Cir.,EDUCACIÓN  SUPERIOR ,16 de marzo de 2022,20,RUDI GUSTAVO ARUHIZA TOLA,2022-03-16 13:43:19,A,archivo central,
16782,1,2007-06-28,,183811,1,14687 Serie E,,Lic. Med. Cir.,MEDICO CIRUJANO,16 de marzo de 2022,20,RUDI GUSTAVO ARUHIZA TOLA,2022-03-16 12:53:38,A,archivo central,
16783,6,2007-08-09,,183811,1,13243,,Lic. Med. Cir.,MEDICO CIRUJANO,16 de marzo de 2022,20,RUDI GUSTAVO ARUHIZA TOLA,2022-03-16 12:54:58,A,archivo central,
16784,5,2020-06-29,,183811,1,8920,,Lic. Med. Cir.,DIPLOMADO EN EDUCACIÓN SUPERIOR ,16 de marzo de 2022,20,RUDI GUSTAVO ARUHIZA TOLA,2022-03-16 12:56:20,A,archivo central,
16787,1,2009-04-30,,183812,1,21379 Serie E ,,Lic. Med. Cir.,MEDICO CIRUJANO,16 de marzo de 2022,20,RUDI GUSTAVO ARUHIZA TOLA,2022-03-16 13:07:37,A,archivo central,
16788,6,2009-10-13,,183812,1,20310,,Lic. Med. Cir.,MEDICO CIRUJANO ,16 de marzo de 2022,20,RUDI GUSTAVO ARUHIZA TOLA,2022-03-16 13:08:40,A,archivo central,
16789,5,2009-04-01,,183812,1,1607,,Lic. Med. Cir.,EDUCACIÓN SUPERIOR ,16 de marzo de 2022,20,RUDI GUSTAVO ARUHIZA TOLA,2022-03-16 13:10:03,A,archivo central,
16797,1,2005-04-29,,184465,1,8420 Serie E,,Lic. Med. Cir.,MEDICO CIRUJANO,16 de marzo de 2022,20,RUDI GUSTAVO ARUHIZA TOLA,2022-03-16 13:22:51,A,archivo central,
16798,6,2005-06-19,,184465,1,7529,,Lic. Med. Cir.,MEDICO CIRUJANO ,16 de marzo de 2022,20,RUDI GUSTAVO ARUHIZA TOLA,2022-03-16 13:24:30,A,archivo central,
16799,5,2006-09-01,,184465,1,8611,,Lic. Med. Cir.,EDUCACIÓN SUPERIOR ,16 de marzo de 2022 ,20,RUDI GUSTAVO ARUHIZA TOLA,2022-03-16 13:25:43,A,archivo central,
16803,1,2011-03-31,,185264,1,37934 Serie E,,Lic. Med. Cir.,MEDICO CIRUJANO,16 de marzo de 2022,20,RUDI GUSTAVO ARUHIZA TOLA,2022-03-16 13:31:28,A,archivo central,
16804,6,2011-07-04,,185264,1,27651,,Lic. Med. Cir.,MEDICO CIRUJANO,16 de marzo de 2022,20,RUDI GUSTAVO ARUHIZA TOLA,2022-03-16 13:32:29,A,archivo central,
16805,5,2016-07-15,,185264,1,5515,,Lic. Med. Cir.,EDUCACIÓN SUPERIOR,16 de marzo de 2022,20,RUDI GUSTAVO ARUHIZA TOLA,2022-03-16 13:34:00,A,archivo central,
16892,1,2014-06-03,,185517,1,50685 Serie E,,Lic. Med. Cir.,MEDICO CIRUJANO ,17 de marzo de 2022,20,RUDI GUSTAVO ARUHIZA TOLA,2022-03-17 12:41:01,A,archivo central,
16893,6,2014-06-24,,185517,1,39953,,Lic. Med. Cir.,MEDICO CIRUJANO ,17 de marzo de 2022,20,RUDI GUSTAVO ARUHIZA TOLA,2022-03-17 12:43:18,A,archivo central,
16894,5,2019-03-07,,185517,1,0,,Lic. Med. Cir.,EDUCACIÓN SUPERIOR ,17 de marzo de 2022,20,RUDI GUSTAVO ARUHIZA TOLA,2022-03-17 12:44:43,A,archivo central,
16757,1,2011-03-31,,185859,1,37916 Serie E,,Lic. Med. Cir.,MEDICO CIRUJANO,16 de marzo de 2022,20,RUDI GUSTAVO ARUHIZA TOLA,2022-03-16 11:20:15,A,archivo central,
16758,6,2011-06-13,,185859,1,27372,,Lic. Med. Cir.,MEDICO CIRUJANO ,16 de marzo de 2022,20,RUDI GUSTAVO ARUHIZA TOLA,2022-03-16 11:22:24,A,archivo central,
16759,5,2021-08-24,,185859,1,9257,,Lic. Med. Cir.,Educación Superior Formación Basada en Competencias,16 de marzo de 2022,20,RUDI GUSTAVO ARUHIZA TOLA,2022-03-16 11:24:34,A,archivo central,
